address,index
0xdac17f958d2ee523a2206206994597c13d831ec7,1
0xf5da57f343199e6f5fd53d32b6deca8d88067b3d,2
0x768B4D8b03D63F6c572fA787cfbF82B50d30bC00,3
0x54ba9027d3db253b9c826754469aa4c3464b0a39,4
0x4926728d04e82557576E6360625985F802A41571,5
0x32b8b44d74c3c25e8a0cb813f9f3ef4f52de1580,6
0x21d9209f0Df5F56141C06503bd7F772bD1067F57,7
0x5447050401ab0710bdc81a5f99838034cde6d014,8
0xB5A1022AD4E7ae5b2f1A64cb9723347c01815C8F,9
0xe59cd29be3be4461d79c0881d238cbe87d64595a,10
0x9A55d479f18eD6fF952a84E35C63FFb23C23223d,11
0xf1b874427f4237e642789b6314846463d538b280,12
0x6748F50f686bfbcA6Fe8ad62b22228b87F31ff2b,13
0x5a915a79843ff023ea5f8b34e7b8442ff0d7576d,14
0x107c5B03713d85882B416FD864424D024175Cd61,15
0x4b5003da8f5c3610ebc7e0385234daa1f387d0d4,16
0x6E74fE93d56c2a3Db7e4d3AB5EE23fe51FBf9c68,17
0x10e0d944776971f660e974657ece7d438fb4cfdf,18
0x1179C0BbBe74F3462C20f1C9413b36c344E10b6d,19
0x89e51fa8ca5d66cd220baed62ed01e8951aa7c40,20
0x196e4c13dFdfB37369A6684e584aA3e51B45Ca92,21
0xa2d7ebcaef136d4ceefea2ecad868ee4da044e81,22
0x28C6c06298d514Db089934071355E5743bf21d60,23
0x1cab9ba76b4f2c76366177e6de5ea367e827ce7e,24
0x975262C5365e339e330673FAaBef95daDF4225bb,25
0x0566a206e7c83977301d1c4bf9c9bdbc34ef763d,26
0x083cd4a4bb3cea1acdbd46a72cf1e82c3bddc85a,27
0xb5d85CBf7cB3EE0D56b3bB207D5Fc4B82f43F511,28
0xb5d85cbf7cb3ee0d56b3bb207d5fc4b82f43f511,29
0xc00c99313de56DcbA6CA651EC0B3eCA4478d9eA5,30
0x5940fa4f210c88e0d3c594d9c7bf9d56ca77f31e,31
0xBfacF4f213Edb6cD295a0565013035F06C25e3Cb,32
0x4Df52266d5356d95929FB4cdCFc52F054da8282c,33
0x2ebb7ff35badf1947a9dcdae197926a55b8e47d6,34
0x4DFE135E5A40E25C38Aaa147bc10650820cB8f7a,35
0x7edfe1257bb654b82e3da0587fdc8322a8c0fae0,36
0x03efd7bb7151146e5826ae224d2534b19b39e198,37
0xe59Cd29be3BE4461d79C0881D238Cbe87D64595A,38
0xffec0067f5a79cff07527f63d83dd5462ccf8ba4,39
0xA57cef18A139f259de53Db80E5020fa7624B31E5,40
0x4f8322412c878f7db048476659a5fae14c811fa1,41
0xde6e3fDba27751E52Bf06a9f6979D42D42e9E437,42
0x28c6c06298d514db089934071355e5743bf21d60,43
0x2Cb604F051343253a23AFCff204ef7fD8dfd2c41,44
0x7acbaaec53463598450dfc260e6f8c94ea0fc8f0,45
0xE36E7c141EA03aa1C9B9D0C90489a2296DB72B0a,46
0x0b0176f26be941ddb47b53074c5dcd67f06ddf1d,47
0x2B36E97a918E6de05aaa8b4311EE5E9Ac6a302Fa,48
0x6191807d6fc5b58eA3079864Aa5F359d1b89ae48,49
0x4eb2ecde55752e251ee8766183b620995e201fe2,50
0xfdb16996831753d5331fF813c29a93c76834A0AD,51
0xdfd5293d8e347dfe59e90efd55b2956a1343963d,52
0x5d246548155616ACAA318583B860AF198080C5DD,53
0x7642c4325dff752840f8fd45af1b05b4c20cde78,54
0x3107bc032df69e606997e78152b8B48c43AFF6e5,55
0x17689a4a02e519f2f957e6472ef7368cb1b50b0d,56
0xEBFB26fdb504b03D59AE5AD016DbD5059a9A3E53,57
0x09a4b15Ce06beDC6309fA87aE1a7688bF5fB861F,58
0x16cd4279921B97ED929ac82baddbb99f7f3E3657,59
0xec68360b5c063022db9a30c6fb1261d2b765e7de,60
0xA12431D0B9dB640034b0CDFcEEF9CCe161e62be4,61
0xf2750ead8816cba74f8c9ab84b8cee67a1772348,62
0x2793F00227ad8C69a50EC87750E6Ba369fbf8D48,63
0xf9a8c73a41d3737d7625f668523acef175f4e316,64
0xdc9EAd6e4587f32A7D3DC2F3f9a4702eAD94C6A1,65
0x4a1ec8198d920daeda390240f8527e71b16b2bd5,66
0x9a74a484678A0716F23b073202B1BDbA0146cf1d,67
0xcadfed584f8e4065785f92012ce4ffc88dd68a94,68
0x6ef393e353add8d0a36461308df814b862d46e8b,69
0x5BB136b10ce46c79065E7eB7de3e7966071171B9,70
0x49deea797ad2b0560db1e4b161451e4758965b72,71
0x343cCaFe5453E5f37BD057384644B214F7cDC8a2,72
0x47db0ec49a8c8eb272586a3e87da08a90dcc5d89,73
0x6262998Ced04146fA42253a5C0AF90CA02dfd2A3,74
0x40e3bc227d1e1a8aed4426c11db1f6bf3416a509,75
0x0447b07464c158e9495669069a18afccf1039781,76
0xE89492cd08222ba154A165b15419e3D8261f05d7,77
0x386f6d61b12df4dc5ae21126f4a359e563435df1,78
0x8eE3EFAb9452fd495B03Ba7e4ED2c0fEcBFf9802,79
0xdb8174025752eaf2bbe8a08857b51823ad0574f9,80
0x41D53a86722d8E3d8FBBCc9B383422B405625E89,81
0x8b8f97d85f94e766cd1b2a9f93348c586d371400,82
0x83F1e31368702E36b31eeaE947f6E5f2f0328078,83
0x920b7fbd11d44b08745493f828c47d1d97615eb5,84
0x1aB968Ccfa7448Df1Ddf1D400811D48e818e5534,85
0xeedabf39ca729fc11ffd140c59519c0f72ab2850,86
0x9696f59e4d72e237be84ffd425dcad154bf96976,87
0x3c86165576c84be53E6C29452D081E89644C59C1,88
0x7b9e21a744d6020f47b9a0af91b0ad87e523c0ff,89
0x3a308E8b358E603DBA9B3b6403EA91f4Bf47490d,90
0xC5911614e271eA65ca09056148947deACbC260aE,91
0x9ceb2b3123195b6a75366d67f3e2dacad393f9f8,92
0xeeC0Ed9E41C209c1c53a35900a06BF5DcA927405,93
0xbdac6f6b75132589c6f435a27cc00729e3711a2b,94
0xC40776bBda4f21e2e77bc6e149A5402AF2A11753,95
0xa7ac1c4f590fe6dbaf13a2f42f5689d1e4699f4e,96
0x3cD751E6b0078Be393132286c442345e5DC49699,97
0xAD8E5092241cD21Be9f040359Cb6bF63ecEd5Ec4,98
0xbd7678f6d9b0ab9739b4717c28b154bd37f12626,99
0xf60c2Ea62EDBfE808163751DD0d8693DCb30019c,100
0x121ab0fd342d7629d488085d553dd2470f307693,101
0x7C89aE498B32b7E3aF6125EBdBB1f5bC240E5713,102
0xe72f398954c785483e3d69adb91aee0803a3ee65,103
0xac23584dec94258ef77e8c2ed9664f6de482f434,104
0x3F34A3C6012092c01CeE8b0b49211cCdb4843AC8,105
0xf343d684b24d9d17904f43d6cfb4202ac3bfb2c9,106
0x642c112d43a12deda1483688ae2078a57aa9bc81,107
0xa33531949b349645bFfF8c8bf62ea2F9F464F2c8,108
0x5c30cdb217854df050333bffb6fe13a1b2d96531,109
0x203cFf6e94703b842DB9409189E97d3BFb2f3BE2,110
0x18de8ebd78b87b5076f5d7115578d5a2558e2f6f,111
0xAFFc82d544c485a52856E6116a5BA9331eDB2D51,112
0x9497D1128739F45FBbB2c4A36b858dea0007C035,113
0x70d7c276bc6310b2c8f739d86aae62b46b2b7d94,114
0x69444582620F6E8EA03865215dC9C700986bBceB,115
0x16905697103cd4ad6a22193b242941b62f660bbc,116
0x97B281047Fc47c8c7aAe16D56c4fAC7Dc3812e35,117
0x93b47207daf38b3d27528876584ab3b5ef0f71f7,118
0xcc4beb78f1b74ea97824224a9c2bb70eff881199,119
0xadB2B42F6bD96F5c65920b9ac88619DcE4166f94,120
0x4b7a1667d1c5c38fdace8d7262de0083adcdb901,121
0xE405914cfaD6D5D4235D386Dfb8AE22EEEEc4C68,122
0x6cc8dcbca746a6e4fdefb98e1d0df903b107fd21,123
0x15DEd7CF3489871b0063615558d1EBB24E296E3c,124
0x48c04ed5691981c42154c6167398f95e8f38a7ff,125
0x6c87A2F397c1637FF1Eb0E9b246B5D59453Db670,126
0x0b5a04cd2eb425b24565bf29212228570d4bcaca,127
0x36a0cfC70F1B116F4e9fDc725bda9Fdba39cc3cB,128
0x39187540beb084f34130578a5a87a3df0c593161,129
0x0A98fB70939162725aE66E626Fe4b52cFF62c2e5,130
0x4Cc84D621344524b3bbFFcdD88F61bba768DE56D,131
0x8f70225d44f475c4ab6924b644c34ff9d91eca40,132
0x76191D8A10290ADb15e46B375A74BbE0193C3F24,133
0xa02da95a1aaf9a81bc5bf3bbf71412e6d83144e2,134
0xbE5C411C1db30a25DA00a81b6182540B7F166782,135
0x88f89247e8f521bc92dba606baff7f79d23ca6c1,136
0xC953887f3f97059F0CeBDF9F3a5761F165D6Cd1F,137
0xEb1b11dd3f26634586A3cfd2265ECb231D7Fa158,138
0xbf14febbF729Aa901232218BF46aFEAAD67efE5B,139
0x1AD6A3cF8B0b75dAefF0607Feb9F67F40Ab89ABA,140
0xf1d4df7a70b65b3de0b1a60d9d24bb31730ad1d9,141
0x5c9F3ffF6ee846a83080F373F8ceA1451bB4a3D9,142
0x7ddcd56cbfb0631ec079c56b4cf071068a06346a,143
0xff6b38Ba875053a89a7F254bc9C7f6681C96633E,144
0x7b0d89a97c6749f30c0f527281700f170007947b,145
0x3cC9A2684D4512d2d6CB21C82E608AEF5107906F,146
0x8b6d96769d97ddf4273035b102405288d755985d,147
0x756ade1126a226b3c5bfda9c42c8258d7773a9b0,148
0x9691b716D3bF9c17e7273A198C049D977edb0564,149
0x6696e9db06d9f9195e53c55036323629dee5804b,150
0x689C56AEf474Df92D44A1B70850f808488F9769C,151
0xa8cc8edf0bbbced6c64dc6ef474125e3f8ab195d,152
0xe768013F30894e20Fc6694cC1320bd40Ad84B0f0,153
0x2e3bd0721569d78e09e44a615286310c6a6ff67a,154
0x8d68c360ca471098CB75016Aaf45de91D7915C7e,155
0x0f44a9d566bec7c7aff63868e673b39b6bbf2e0d,156
0xc56b8f2031466f1Bbf6bBE275790a28055100f78,157
0x99e21db3ce7c21986beca9205fcc4fef94e1a30c,158
0xbb5463F375c7aD90Ef3bdD06069F778d1E8e52c6,159
0x69840218d368a71c5b6d6661b40c80589841d309,160
0xd142238691ca6969dd6f545593Db9bb1d8713fA4,161
0xc7abbde74d1d5fdeca50463680a8639f20173d92,162
0x96E9a06a22D4445a757DFe9b4FF2c77A12dD60f2,163
0x91dac9c6ef01d695e25a5cee325d6eac99658c01,164
0xe777e7dcc426be48e1883908d1c19ed2e8144e9d,165
0x549084E3E207C7638229a21794E78fff75CC7E6c,166
0x174bfa6600bf90c885c7c01c7031389ed1461ab9,167
0x9e70c2a8d43a90d4cda308b7a493a573bfba8cb4,168
0x989268d8d53b0E1372F532c6f997438f5E3c06CD,169
0xc34f50eb26a018f7db3822eecbf6dfc343895e88,170
0x645C0251f9fA4A99d668ba7dA248AB8549cdEB87,171
0xf2cbc50a34cac6029e0714f7a7a28c16dec9319b,172
0x78da0886dC7C4f4BF5d1E41bC833562e785F9528,173
0x15ede0e36d479dfae7e53431b28dc6875a66026a,174
0xD5357C85F156Ae7e939398209e7cca19DcCFDdF9,175
0xa93bfa6887c7a84d3a0692500c94d119133fa9dd,176
0xA2cFC7Dc3F4DFE73D93dBf67bC49BDB9990E26B1,177
0x319244cf6172e9625d05b4129e03b5afb39fb106,178
0x238093da495fb7Fc774aB7eC8E391fb446D006AD,179
0x222ed49cdc83d9a53c94deed2e2b71d47f3f96f5,180
0xbfDf4e69798531c311657f4236c28b660CDbDad0,181
0x62fc5fe8bde34ebad1229b5bb8dc10e55e4b74c5,182
0x4a0430ededDBAc3E2b5B48cDbA77CD6FFd010467,183
0x00969dde89077164839c39f0491606ed765c7712,184
0x7E139B65cd6066B387A8694A47B09C0edCb9d3E8,185
0x069b3fb93253cf3b335ebefa54f8571395c04e0c,186
0xF0fda294C93287f7edE5e351433272Ac7C9071D2,187
0x4ddea3e2fc634061c421f1e9e9d998b7595e4277,188
0xB54363Ef4AD962E04B82083E030E3bcAE42c999F,189
0xc24a37648d7be6cf64e063226ff9b7bb8d5d2dc0,190
0x6b7Cc66712f9B44925e72412df78129460FE1412,191
0x8a4afc44996d50eadcfaea3a4458448f684cf0cc,192
0x05BF207AE1163475464fA24966B1d8CEE4F8B74e,193
0x85f646b6c42a5a39827a39524032c4d99b606790,194
0x52e1ecFb5d1E71C085c8fD1CD3128747b7bEab80,195
0x0ad94f4d44a6bb9612773bb1cc37b370b159c2cf,196
0x566c14cAdCe28456DcA242E363c1d593C6e59d4E,197
0x91c5c4f04a8a73fcaadecae806f3996c9df3d30c,198
0xEbE38547f4fda87E430be986967D45404E11d831,199
0x8b579560265a696aaadec42863a12cd56d2007eb,200
0x5317052887D245563d14bB3384034336749d733F,201
0x1477fd9de1d7d87fdec7edb3261f67415de4b113,202
0xfAf88fC20DC4c8DF201dc880464078c35Ac5c4FF,203
0xffa5de92ed73f3c43aa099dc099bf7b2d15fd43d,204
0x41113Ca2FCc61Cd7A623AeA10dE1b33B64d15Acd,205
0xb1fd0acfe22b9ccb04fc46f20bd1000fb91c905d,206
0x57C1bc6E74cA3e01DdaC74408B477cf173211BDD,207
0x3d2339bf362a9b0f8ef3ca0867bd73f350ed66ac,208
0x9013e7976f080fCf0065Dd28fEA95c82A34d8282,209
0x67572f95fb9b1306984fad1ed781cb00ab55f04c,210
0xECc45507eb32C9dE8e4039693FC5c4167da4100d,211
0x09d506fde338cb2f8f96f71870c7db402bdcb2ba,212
0x1765EB2b28123BB9DD8b074b57342a90D89CD736,213
0x996455247548ae781e0e33486e08b4d5827496b0,214
0x241546fe2bDc2071634563C8A9Fd0a2C1C7ce20e,215
0xcab315875100b0f0f9c115b8b86959a694eb097a,216
0x3bA3BCb7C9a275Ec002C89393fF7d9dd0c2d5eB8,217
0x5a47ee4ecef8b5458f6b2f33f4004d4b4ffc37af,218
0xBf0A4a294625F0Ed39995365c6442dC62f04Bf0d,219
0x4fa161329d12874e9ff71e4c55577b74e7f7cb0c,220
0x2e199d653b7bee83937FEA91A23124bA17ff63E2,221
0xf111bf36c973df57a79418ddef06db8c9316d7b0,222
0xeCe34880aD6acAC1bb228c5cb47e027BA8DA3E80,223
0xcd28fcd532a29d337cfe0bc07e6dfa1515b8998f,224
0xd125ad81e722334Fe628448c7eF4033d98214A5f,225
0x7389f2b03ddebe45feba67cd089fc58c295b099f,226
0xbaA3Ad0fb5Af43880F3eF7d2BA3c8fAeefF5Dc94,227
0x246af9c3abeb605b3f31b4dbfd95271cc4052723,228
0x97B4923cc246b24c17EB1780c96998b039B41E2A,229
0x3f694c5f47dbd1b1358d6cdb0efb840a6e00b53a,230
0x6eFb20f61B80F6a7ebe7a107baCe58288a51FB34,231
0x9aed85a67cf247153463ce65b03a3a436349b3e3,232
0x8640c0A687e4abe249F4695704B505DeD5Ed722a,233
0xecb4c0d2ee55bc0a361f874925f67e26c86b587b,234
0x028D36a3A45BF6929d905342724f0E44D55Bf23e,235
0xbe321a6c6c857f5df73a2bfb361692678354a17a,236
0x2b42cBA41441e2FD1202e4734a6c59c742ed451D,237
0xca26815e130d589c771c508556d5602d29a46ebb,238
0xfD07DfA56e650780192B145245A682B800279975,239
0x924aa5e35ce95ea1d240abdf047e664cf402a840,240
0xdc89bCfbA7Cc8E5B84e4BCFea60776976cCa5c0B,241
0x13b738f6749ecbadcf670d35ae439174d4ca0a1f,242
0xC00073f35F0D0888e35701B7a189e61Dcc44b4e3,243
0xc72da237df14344086a81207d574b81cbdd8faa7,244
0xaB8A5B018F250415a6c8691b8a50F79B8920b0Fb,245
0x868ac0f628670ba74b0e801976b30d2f02c5d859,246
0x7f169fAD4732428fdE1138AfdE02a2eB21717282,247
0xe2ca068e3a4c44ee01f5ef588ce247842c4bc7d6,248
0xBCC44000e8f085519e2Ec075f746f42441f960D5,249
0xca4f2c02c83a2416acd9b36231d805b482879e29,250
0xc907f91F7C3Fc5ac1cE1F17321743a4a7f30B627,251
0x28bf3001217ff04d76f7fecd31af2bebb4ec9737,252
0x94d0de6908E90698a103A7DdD5f7ae2B7757F8FA,253
0x3F5846812689A3D983599Dc5fa9EE0C8B9fc1D60,254
0x484a033ff00eedfaba12515e100a122b75274b52,255
0xC4BAcB2D7C723680dA1B104599A5158179A4295f,256
0x3340451a036553ebfdd1330f5227dba8394cefe0,257
0x47A8cc16Db10914616aE2661ef852E2e9Fe4c7f3,258
0xc30f64d062efb5bf5e08bd8d446c165f9016a35c,259
0xfC904877835091739Be32415d1dB25db68bB8d10,260
0x21069f8fab6568d3dcdaa13381343c2a72eba324,261
0xcE1c76917185B4C9ca91307E773eEaF83D6aE741,262
0x61329f9468083c600d353785ea3e62e1eedc9f07,263
0xD6Da27C7aCa53EbCE7158fe789AdDe2afA71761d,264
0x4bd3f38175e7a534dc908a29639949d4d6ded4ce,265
0x44f203185bAc9EbC73347257B3b025F10A8A706b,266
0xc783b9656b550bedc1784368bdfa64200f2087b5,267
0xCF6e5a99F92c29503178734D8d24EFc1584DEFC6,268
0xf2c99282652f0b4db02114203e11d6b29723e269,269
0xB84A17fA8D8FaFd5F6ccFF36E7E66cdBF072886d,270
0xd3826a5da33d11a11abe6ffa3c9bfee524dd81c1,271
0xd1224806Da6aAcbc5311A394aEAc3a673188fB5F,272
0x78ca5c2a384dce1db322ece822796a18cb29ff26,273
0xa38e48AB8D1eadEb1642B65102c38E060DD8d3af,274
0x0308ca55fa9559b1dcc7e5f1f4127b84148f293a,275
0x2FeF1Cc8514FF4eE057bEAaaaFDE5d337C4929A1,276
0x0dd5ddfb62d68307f47abad76356a210427e3093,277
0xC59890B6dcec86A575e7cA9C408E867BE201e95B,278
0x6d895d0e33785d288bbaafe8761506d58bcc7cbc,279
0x1424e64327710df7aa9FCbE6e01a3b3892027575,280
0x96905eab126db2c5bbd60bb4fb7d20945840bc91,281
0x079277c927F3733Fc8F2794CaecBD4c42c1FF95f,282
0x5d25cfd0b962b1984e3baeb0f15a64df9aa25e2a,283
0xC43bE10DB8c40DA327068Ec5b54fa1F74146Df3d,284
0x8c8d842f95d32c9583d13ad8fee3beb420bedc2d,285
0x99fe5D6383289CDD56e54Fc0bAF7F67c957A8888,286
0x0323388facb1f8e28ebb09952a82bf9bc2bd9cd5,287
0xf802CCd600eEaE4f6b3bd265525E80f50da8Ba5B,288
0x033a01097429c1fa396e4aed1c0b3b218c7fa82d,289
0x2956b29A5b3acD216e1C29F8711ccc5b53B4f663,290
0xd347172badd73229545b7665a9fc78d9d04492e4,291
0x4760267cF177Ee717A45380afaf90CD2087190B0,292
0x3d2c52a5c2944cefc9fbbd84f9ff7f83ed2fc210,293
0x332643810054D9F745BA65E3b2A3df7787694071,294
0x2c045ecc8f4292558c29d80ce7f46087ace463cf,295
0x993136646149aD43df28b1Be540aD5d018FE8D2f,296
0x005ff2e94fed3bfff0a03ab35962ec51b596b4d5,297
0x74843AdCA317F1B79778F188fE5666C4f1f2D47C,298
0x790ff9e60f6a94827f3e79eac90e78f7a00b7c3b,299
0xD25cE180158Ab2243D8Df19891f58Db4f09eDB04,300
0xb6ebcfdd726f7fab1193f9b3504028d6c3bb0e79,301
0xBe97F8d08889a82fb9eF1C0Dfcf8A4337A2135D1,302
0xa3e7ca5ef9b02b9b8b8783e4af4dfef399fe2812,303
0x1B4A66B713f9A1C3a945Ef79afb1C458cD919a7A,304
0x1d248d63e448c57a69a188abc4159b174398808b,305
0x6b0C0d032BCc156e562A276c7C0f4F0f62cEc697,306
0xaf6135916d19faa4d0b63f4811b7b783163542b9,307
0xb71Cd631d73b69e1Ff40e4848CFB58112565C099,308
0x9d628b44b639367f7cffb914e0a1ed09d7c1c71e,309
0x829b03aaD8Abadf73a0F4480282B83Ec8c7D6E59,310
0x394e7ed0b3d413cf083fcbec115fdac02ab68621,311
0x4A13D22f96af89552fdcB7d25c5Af451e40C80CC,312
0x32491704c4db5bbe05e32f4e2512193e3963dd90,313
0x2E3825fc8B12e8B029Cd2A2D64e511B88611fdD3,314
0xb98b9be5269f9ae8cb5ee32546ecc3dc22bd8c0b,315
0xcec1dd40cb520c5262c36bd23831cbdcfc1eb6e6,316
0xE129b42BF5265734Ca938e3A750C70398572BE07,317
0x22c80b0da0b04a1b4e63cdd74fcb95c8e033d883,318
0x7cbFB117bDd2F836d0Def6CAEb9f00B206B01525,319
0x3D9530d33e32800f9684e3240a5A6c46419bBCeA,320
0xc735beecbe5dd9e85b3842a3a0fc7871308e55cf,321
0x7fa50D93269c3A3080cf36A18c57a837d39E3DF2,322
0xf3df8c976843dc34740cbd4e49cf09e064d00e25,323
0x4262a82620E3753166e8E3C650A68fefC489E048,324
0x41235b59037cbf5a96ff1dd506909fac4ccbe15b,325
0xeE049730327504cf4224E01E8d8bF08dc21DbeF9,326
0x0f076a218ebfb1d3dbf268199836da0bda8ae668,327
0xDEeeb6224E7f062C2E4a7dA90D4cf7475cf05c66,328
0xea405c32ba17506637a3b00fe02e3467b57d4328,329
0x54F7581777E02c04c8D3d09633aC1F9b2B298f47,330
0xb9a5f413a46b794da9183f875d638b37bd3c24ed,331
0xF05dBd8Eb5F14E642302ce0ed7bF8b341b3BdbCA,332
0x927d893e627bd1f8ce1aa19ee2c7f17ba8944119,333
0x49c2Df46EC9f15030f8cb9d6919951De07Dd97B3,334
0x38f67006929fa873f71728c96d50fed9f44acf63,335
0xDA602f57cA085d8c4FF84b8B1eE497cBCA97139F,336
0x230662c1b42c3b2859529e08e9a99b2f1c9a5d8f,337
0x411729A68d0eD12cDa12a3E32fBde3c497F49E5A,338
0x1f863060f970855e730728c4d6774f15dea93f0e,339
0xaF7D6170754dF137B30b15793c9AA265760ea965,340
0x1a0fd2b7c7a8f467363d6253e93ef7dba36b1749,341
0x0bcb70435526468Abbc5E60CC554Df944899A75D,342
0xe3b4f70685b19e21f71dd37ef01582931c8b1b3e,343
0xD0C144236f9f51807564ecFCfb1E6C89c3d19F66,344
0xa81dfe745ea37a7b658eff98ec3e2a44d23bc822,345
0xD4F69fA455FB5297f5E1fB1636860F788eD7D334,346
0x19CCd3d0259F6786c6A7f19233A05A17610DD7d1,347
0x77b13bf60780c84c85f88982df45e244e8d666df,348
0xa7c888e2c800b9ba11dd1d9d5203ceaf4b167e82,349
0x1Eef26e6777376325438E7bD2e181AA9F74A130b,350
0xdeb5532c0e88b3efc86f36771446a40032761283,351
0x2Df25757d5eadA11a7b5428fA501ddB135e18490,352
0xd8fd97fdf6da293458107b8fd6b75855b01938fc,353
0x2282D37A9E4176c58Bf836d0AA700a761eB111F2,354
0x2623d09bbec2d0deee2f03c634836b39ffe9b86a,355
0xb4bf133cC088174271f4C0C15398070DF5b76f82,356
0xa4f396f8da949134a686c33772b9a777d32c6c35,357
0x6c2dF9943f2cB2B0a32A036162398Aa36E9aDa1e,358
0xedc1c60c9700ad36b3cd2e8d11311630d4ce2ccc,359
0x10A97497c6a44Fdb87B4Ccf0054beDa36790f24c,360
0xc267e7e3051833e523d9ffe435fe95301dcc4b46,361
0xe5F1c6930357A6E6EFA00F6931453b2C485197cB,362
0x514910771af9ca656af840dff83e8264ecf986ca,363
0x94d64fd023eeaf4575d54ed168cfb9d37c7457c7,364
0xa1D8d972560C2f8144AF871Db508F0B0B10a3fBf,365
0x06c59b4cdcc873838636c25fa1cd3bc8775cc2ed,366
0x414ac625f192b5dd77544899d0bd60f3548ee382,367
0x0D9585EA3d235927d8f1C1d60550F54Ff1326EDE,368
0xdfb8d463a12ca75d145a0fc65b066da3579d3ac4,369
0xaC876d12772D22Ec0330BAE5591B4EFfCb0AC303,370
0xe8ecf5a9c1606d6d0707128cb5d77b72567f4e79,371
0x98C763CA0aB7723C67334FDd22Af757F5972328f,372
0x95f214a682e61faa70411f5e0eb37a965a08a0b1,373
0x4f6742bADB049791CD9A37ea913f2BAC38d01279,374
0xef32386448b24cd24eed1b1c1c5a688d5419067f,375
0x24E451230fb0279485663075AF2E38C93bA8f3Ae,376
0x59a5208b32e627891c389ebafc644145224006e8,377
0x9A752ddF6df9F156975BBaf1309B7B27B761706d,378
0x986ccf5234d9cfbb25246f1a5bfa51f4ccfcb308,379
0x3f5CE5FBFe3E9af3971dD833D26bA9b5C936f0bE,380
0xbd2c2996054816f36b70db628e95800830935f8e,381
0x9A17272b96089eF38c8eDb2518847d18E88FEe63,382
0x7df7b8834d65f0b4d0267a1f3b66fd59fc4f3377,383
0x7799251dd71F185BD3707c88F4F7474BbA62f7D2,384
0x664d8ab62d691839ac2fb80bfc3551d73c6f9892,385
0xB6a960922699037a2Ae46B7dF602274d6D78943D,386
0x04da276f2fd600e350f194d65a0afaabf90de9f5,387
0xc13482E968079347aeb8CF25925788340c83eDF3,388
0x3c93908b606c5b9849476024cb058d47237c7e46,389
0x83551a95a57e5E713B7025965ed76eF1729DFa6d,390
0x60b893bdc0568c05e51e7adb528de7ea912e811e,391
0xeB4A1D03B8f46D3f4973Cb3C4A0113e6731f8e2a,392
0x251e93d51c5f2a1e60b7bc90bc8b2534b68e8f40,393
0x8C1Ed4d3C4514aF9f44C0FDeBCBf7A87a0A43E70,394
0xb02f1329d6a6acef07a763258f8509c2847a0a3e,395
0x112B6F33dB5Cbf79EFdE0932a17C7BF4d53c23f9,396
0x0a2311594059b468c9897338b027c8782398b481,397
0xE584D55c7e821FF24280BA1630b52942245e7A5d,398
0xb3069125f08f14e7fd91d21ae72b6185c14d270a,399
0x57850F3975f7F45F5bc1C3Aae14B7E4aE75F430e,400
0x5700be0cd9a5970f190cfdf5044a7645c8efbe75,401
0x32E9dc9968Fab4C4528165cd37B613dD5d229650,402
0x7abe0ce388281d2acf297cb089caef3819b13448,403
0xe5B4434D160A4c09417B2Fda38BC1B94061c9737,404
0x860424e9e243a53383257d152d422b6f59c933a4,405
0x0d2508f158a4eba85034398e0ee11accb92c5482,406
0x9B002826B606b663C0D311625EEC753De5a7053B,407
0x0b2dc51b2d2cdf60da3724dd0f3f122e0e68befb,408
0x96706CA78387d1f61234434a5e71cB9cC4668222,409
0xb6c7ea0f72982ce4fff9b7c091f257ff27fd28d0,410
0xBaD7a9Cc1FFFcf322D68Caf7A7277291FAb3EF61,411
0xca7d181f2dba5519f4e7191d16ab7829bc02843b,412
0x532c870fdfc09d10f563d5240137a6c7bcc652d3,413
0xFf1D669c3556E49E45677e115F71c18EA739Ae3E,414
0x802762a1346Fed43a1cbD5A99aD106738C04c10C,415
0x6223a768072bea64502255b2e8a324d5dad951f4,416
0x34872874b65E12408eC0265E9cf0a35FA6c8D13E,417
0x76c500160d9f41bc72517e00bbe6008d14f857a7,418
0x14eb4bcfe0d1693cb36a6a45d833cd594c8a26d0,419
0x46597b1595add7b3fd9285799f75e8a326e21518,420
0x18d2d64E1175460e2777b4F62b44f11c5F12d37b,421
0xd03bac87380fad0dfd585ac50dc8b04cbef5756b,422
0xFD713aBb73aCE12C038F0ddD05E44aF3e6Afb7b4,423
0x05705f84c33b47746ba5ac7b987544eb27fa7e9a,424
0x61189Da79177950A7272c88c6058b96d4bcD6BE2,425
0x52f21fceacd9e35ad6d782c9ecdeacb4a4919e6e,426
0xE79AA44d17A2ccBefB19D2730f710dbdcF11DFd6,427
0x553d96287fb6adfbb5fa28210b7cc9a433f7b116,428
0x8ae05CafDa14C9EF3f4EDA427Af1Fc116a976B82,429
0x63a2540cde8f2df4ad7f1b39b2f5afd2ecbbb232,430
0x64969253AD9426378Bf357eAebbccb060D3601E6,431
0xf525b4f1807da3f78b15489e3b8d4a1fd604a093,432
0x4312aC7BD1BE8cE0E66107A9b48E88bb4CF9Dc3E,433
0x89b8d2709e8b564ecfd1b64db3e6f49d00a87b67,434
0x5369d5C88734BFec20006bCc46236D065aC99b5E,435
0x1a79b36dc6ceaa5b38b9b935f2dc68a9e1463cf6,436
0x8BdB2f787fB7eF2847ac80b156227B533eA35A98,437
0x866e5b5ad8bae10e22122278f18c725653d9b3b1,438
0xEB731D54faBBdA1b0b8289bfd6608B2123D2A1d3,439
0xfa4b5be3f2f84f56703c42eb22142744e95a2c58,440
0x3F675abd5daA228e0CA3c3B3C300945C846fD452,441
0x2cb918b6f34c133d88d323443b5e9eadc05fb058,442
0x62E1cba9cD2063338bb3984dd3A38DC3a1a97B88,443
0xc6bed363b30df7f35b601a5547fe56cd31ec63da,444
0xc8F1812a79e0Da741DCc9121745D458D286dC077,445
0x5f431f69823482c0E88964DF199298f97C80F78C,446
0x481c7bf144e0394979b6c28478cea788c8465afa,447
0x270ab8dd596d1ade07e3bce909d999672d73f009,448
0x96a648f9fb2a5048af16b8d89fa06468484c0f12,449
0x0f677F132d46932296d9c23eB057111Fe259Bc83,450
0x73B01E58A2032dc02666a5D48A0893344b9d20e6,451
0x89571e54afda51bfe620d20b9d1ad4c805e8b0f2,452
0xE78388b4CE79068e89Bf8aA7f218eF6b9AB0e9d0,453
0x4151dcaffe85a7fe39ad71d4111726c72f6364e6,454
0x6eFa157778087bb3dEee51DF5c01504F53719eda,455
0x5f86fe0e62d1f0226f535ebe5d98a5d3edc9a615,456
0x5C985E89DDe482eFE97ea9f1950aD149Eb73829B,457
0xA48D686CF2087c829119Cb4856049EFFC78512e2,458
0xc92e917ad22f26a1d6d56093d450837947e374e8,459
0xD06d611DAdc3575B77B793c170D819D2eCD7D4DE,460
0x11cb6e7154e190c520510e49523f26efbc822fed,461
0x162085d5a11631f54F7F86B41132249af6e884B7,462
0x95e890dd4931991b9fd6fced62a85c4c2a2400ed,463
0xd4773f7f89ae6ebf4dD8e7C7148D0F351cDc7eE7,464
0x8f8BDc99FAA157299dbeeAEa6B257b74bAE07116,465
0xc914c42a626b9f8f6a4cd830c4129131894f9a58,466
0x73f9B272aBda7A97CB1b237D85F9a7236EDB6F16,467
0xbd017b19a23dfa08ddf7b6840039bb0199e08e95,468
0x9e4c756953d6823d88F231b458ca9D7E93E63Ea1,469
0x74150d57594df4611457d13264bde210c8f0c1e6,470
0x7B74Bff21FC56047c93b4f8476cfB33A46aB24eb,471
0x0d34437b027122e75361357ffb1487c11e33c5e8,472
0xeBB08667151fE8dC74Ef51Bd52C2Ddbb816Fd9BD,473
0x4C03d4238454Ae981eC15C49aB7Ef211a0C369A9,474
0xc9251264322515cfceba4c9063b3b6c5c0190105,475
0xd44912C4598F7Bf2Dd299077beb714ad6C735811,476
0xB45Cec59E139462ff25B9d9EB01276A54c28925a,477
0x916164d08d95b377856dfff2593adc0e0d7d2706,478
0xd6b6d6651A8b70eb8716715a26c1264FbBa2B69f,479
0xe3d4fc180aa233078773be6e191bdbdc38d73338,480
0x7b9040B3792b615823e8408bEF9a63011255c8A9,481
0x7bcfa9ebbc34948463a4b287125fc32bfe66a14f,482
0xf901AD6c9a1A2759f08254b55E6b90a735918F8A,483
0x7dbe5d18bdc752741c6f125a542705169427fa07,484
0x6E5739775ae1418cB424295169bf22eB6f0b280B,485
0xfb90501083a3b6af766c8da35d3dde01eb0d2a68,486
0x3e7f82344091280416374D725BAa88f4B0A3AF81,487
0xf32682d5f99ba4143532618d6f516859a055ea06,488
0xd9aB2E625b19FF6B807035d30Fe13f0A41dc3553,489
0xaf66cd2600f5e2eff77ae68fdd4ff3b107f20f07,490
0x519ede7c5c0bc4e3aac75cb5ad581f5596c6b35f,491
0xfC29683DEc8Bd5333e114867B7f9d5B251C73d27,492
0x998714921cf02d7745f37d547b3f87f47b1f0936,493
0x8D76166C22658A144c0211d87Abf152e6a2d9D95,494
0xfbf05afda592c49788641d1e0113ce03c9bc2e0b,495
0xFB90501083a3b6AF766c8dA35d3Dde01eB0d2a68,496
0xe1518c66a627e743ec6f713009aa8fa742f1cc04,497
0xc2fa8CB57A65bCd8242aDBaB9910c59C3D640E79,498
0xdda505e6d190a6f42ed8b5dd741268956385b62a,499
0x0c6C34CDd915845376fb5407E0895196C9DD4eeC,500
0xb6cc0655202a1901db750f6acc9683e75521c869,501
0x421810f4ca5809B7136A399d53FF26F809950055,502
0x180bdf4cDb813cAD939E73becB5F917788aFD17e,503
0x1bedddf5bd9db5ee119e7ff9b00ec3f0976e48fa,504
0xA6aac20c2F51101A92a01E28c8da87927677f9Cc,505
0xE894D6032AF53Ce7C70c2A9b2614bd4a1236fFcD,506
0xd25f54df882ad0652d2dd3a97ec2bef97def85e4,507
0xdc42911845e5111b49b889910b0ad5f3939320c4,508
0x1042a13e3B9038C4BDa54708B965476511ECE544,509
0xa05fe4429d3abde276f28c423e82c7da290ca828,510
0x9703773B10FE79A97A130197199997E6C98469E2,511
0x34abfc1cf64b6d4ddec069fd6097b9db0ce43d30,512
0x5165e6e180cf2aa464fe22df124a339b074c5e09,513
0x04Bf40A81dd28591465823089c9d3A7ad19bC6B3,514
0xd6d50c68c43f7075d21973be92cf8f4178201240,515
0x0AE134975049f5c54f3291559b30bbf46031D6d0,516
0x7ccef9ed17824214d60403171d889bd4ce878b27,517
0xC45AEFAA29Baf9999a753D8b380473C29Df44957,518
0x5c7a5a3dc103b5735e11d16a21eda2548b4bb06d,519
0xf72495D80Cd46597f596F32E70717f4Bc2a5F4af,520
0xb8ba36e591facee901ffd3d5d82df491551ad7ef,521
0x193090973314E876471D093Eca179dD6833FB622,522
0x8d3c01199d5015054cb852a5f60cccce1600a388,523
0x6924a03BB710EaF199AB6AC9F2BB148215AE9B5D,524
0x66d30c2c0255d7f81f56b60aea38c03629537190,525
0xc311e159427395d4a6f5f25b93b428bc7c1c1f10,526
0xF39517c49D35bcC4e1F4D424B963C033AaEd0DE2,527
0xc02aaa39b223fe8d0a0e5c4f27ead9083c756cc2,528
0xe78388b4ce79068e89bf8aa7f218ef6b9ab0e9d0,529
0xB3ab08E50adaF5d17B4ED045E660a5094a83bc01,530
0xe0a562266115a62122e063cf302d085b08626e62,531
0xCe66D81Cf53Ff14430dDCC0558F318eAb5D5c0E1,532
0xeeeE458C3a5eaAfcFd68681D405FB55Ef80595BA,533
0x96630ae6348c48ac595f65b2e73c12c238d3e5cd,534
0x836A7f7f111a2Ad7de2fFE939B69E5D974eeEb12,535
0xd1a122e10e270582844d3d9f1153835f8aae5054,536
0xd9a0eFd1df13805588B73dB50D9d9b4716520422,537
0x998497ffc64240d6a70c38e544521d09dcd23293,538
0x9f6Aef5abE4F5963f3c0919814f0E691A1d6De6d,539
0x447a9652221f46471a2323b98b73911cda58fd8a,540
0x447a9652221f46471a2323B98B73911cda58FD8A,541
0x8641df2d7c730a8a24db86693fc39f7a74dd4e9d,542
0x8641dF2D7C730A8A24db86693fc39F7A74Dd4e9D,543
0x8acc8009643a4ca37906995e2040BC4A5b05C42c,544
0x7fffce25d175c336ccc75eaf1fe23b91542fd339,545
0x7fFFCE25d175C336Ccc75EAF1fe23B91542FD339,546
0x56178a0d5F301bAf6CF3e1Cd53d9863437345Bf9,547
0x86fa049857e0209aa7d9e616f7eb3b3b78ecfdb0,548
0xdf74c2eabbb3e09aeeccf94de1a4fd114c119a46,549
0x1151314c646Ce4E0eFD76d1aF4760aE66a9Fe30F,550
0xfda53fe8f2c628ff7e963df0f68b497dcbe0103c,551
0x748255D541E5Edf152297Df56D7379c79392872D,552
0xa7c9228a5196e835bc204954a36a6c30bc5d45fa,553
0xc73C6eC1Bf6ce0475A62fAF35F5Cea2c5b758166,554
0x49cdd77381ad0ab1ddfe86807db1064589f319d6,555
0x5E575279bf9f4acf0A130c186861454247394C06,556
0xa5b57bd395e46f301855f42fbe00441f0b613602,557
0xA074FCEFF0299BE8703481Bb552eF01B6076b57A,558
0x6e779a512b35e116a83ed0c0757f8c0fbd942f56,559
0x914555B2f793638C0F42B1A16Df74037d1938ee6,560
0x50e297880662b69c3f7de51275319e313c791ad8,561
0xd94c9ff168dc6aebf9b6cc86deff54f3fb0afc33,562
0x96f2B191cBa1bA1a5c64Dc36f5A05F8EeB480A58,563
0x03747f06215b44e498831da019b27f53e483599f,564
0xd8026CffC04f312280923AD0CA93a270dffEbCA4,565
0x462FfE4db8b9CF9F11a793752446B24d31715fb1,566
0x41ef4540aef3a67019dc6e311a1d69c32b147ea1,567
0x54Fb2298115F535f00dcd7d049B87f0F342Ce1eD,568
0x692da4782d996dac7d66b5822f3c504f67da8493,569
0x8e2534897E20c925f5A0161Ed8517A1E184CcB72,570
0x55f4788676f71a6759502437b0acc69a35950c65,571
0xa4Fa70862F5653e576242d168a50EFa917053bD6,572
0xeea33d47b52abf1dc75c7742a32fd8865f2ef11b,573
0xD77A9a514212A8d773eC4B0b32ABAdc959C673af,574
0xc17fd1c0369727f864bebf80acedf585cc396141,575
0x000FfFfffFFFFfFFfFFFFFfFFFfFffffFFffFfFF,576
0x0035fc5208ef989c28d47e552e92b0c507d2b318,577
0x9cd28418018fa08c62D25F45a8D9609FE4d12dfA,578
0x7fcb934d64ff7b5bf8518dcc1e064f4d0c10cea9,579
0x22B84d5FFeA8b801C0422AFe752377A64Aa738c2,580
0x0c5411d104a88c29fce588d834383277f7054fd6,581
0xc32004a230d11a2367741d4fbced39681669311e,582
0x7D8f159d965AF510F78E70C7e35B41c0B169b27E,583
0x8Cc0f9b392144Ab8954D43695864060F7606C2c9,584
0x526b7627752a09e9ac19c2196e0612a5d9827ee5,585
0xc3bAf1f900F8209D648d2f32C664c7F8435A17af,586
0x44cf304fd4ee38b45de37cca620eb763b6fe9786,587
0x46705dfff24256421A05D056c29E81Bdc09723B8,588
0x05ee546c1a62f90d7acbffd6d846c9c54c7cf94c,589
0x692bFd99D16c87C22cCBF94fbFC81D290fC5eE38,590
0xc461b7087ea10dac242d8f54869e1a670eb4288e,591
0xe5a138Db8746C9B7689d27664fBFf8382d7e2412,592
0x31362f640e0c07a7b344dcec1b725bd72ceedb30,593
0xFE5854255eb1Eb921525fa856a3947Ed2412A1D7,594
0x6196c050cc117febe82d5edf63ae34cbbb41faed,595
0xf837d6f3175f9dF73772fbA356F31479E67C1735,596
0x0b419bce1cb87adea84a913fa903593fb68d33b1,597
0x49a3E55eFF6DF39aC3D95dE2CcBe3719d1bE00B5,598
0x97cd4df98f393ca8946923d868df4b98553fd474,599
0x97Cd4Df98F393CA8946923D868DF4b98553fD474,600
0x5d5c3881d3f9f9db562d50a586ba2fdcb3c15486,601
0x1738420d3a397E6a1c4A9DffcA704Da178e4E53d,602
0x876eabf441b2ee5b5b0554fd502a8e0600950cfa,603
0x9F050bC566289fE08F9534EB8B5b7437071a85Ca,604
0x8184A29E2707Badbf3C9fF36DfaaDFA8a6310249,605
0x832225e76e8c4a7ac36b02472B22a29611bb4b54,606
0x4039A3fDe6dD8d0386AE09d369A04FdA87067e36,607
0xccdc1d26b845e760908dfcc1bc6ac34eb3edfb55,608
0x4721837770608d197B956a63AA33C2c42b7EF7e7,609
0x174443351e21d47ed9ab51517a301107d92ede64,610
0x9AeA4F1C8f3f9F6bbA00cAd34a16a76Db8c01CA7,611
0x1151314c646ce4e0efd76d1af4760ae66a9fe30f,612
0x81FE6ECb861ecD3D47a209Df95fC4a5964d72AE1,613
0xcef32b63ebb27a3ef3c6f1fb8f119faf2a9f4226,614
0x3852b0a0ca6e5149f559758c16d024ec4b2d33e0,615
0xdFB93B2F039a97fA340e94D0337A6406e70Aba64,616
0x889fd07a68cfe9f74f987a33cbbbe3e70c7b2c62,617
0x05EE546c1a62f90D7aCBfFd6d846c9C54C7cF94c,618
0x296e781bbb0179b032cbcc31e4b6cdab724b2773,619
0x5A9c032182AA38dDcdcf1956cCC5b9e8dA80359B,620
0x2dbecf949f7f1f2ceeed9a85babb5344d638ccee,621
0xdd607a45a3d92f1d2d40a0fd7fe5f11007e853be,622
0xf6cd74868c605bbc404770dfaa6d95983b92c563,623
0x032576B9de6fE3deaE5EA1e34ad898824dd544AF,624
0xb13d0b981dade49dfedd582f166e2e9ad727463c,625
0x869b04297fb454fB169a4A73d5fE9aCe63ce936C,626
0xD62AEaEc427edF67D42cBeeA60753595aECdB080,627
0x7738b3ebd223a752f5fca67fb2a7a99fb63b592a,628
0x6cC5F688a315f3dC28A7781717a9A798a59fDA7b,629
0x7b4c6760b2f0a17c222461e4f0618bec569a86ed,630
0x8EED95CAE1320fedA8650FdE55af5260EF3cB663,631
0x08c6f998c9895d6c008c6bea7fca829a2c81b8c9,632
0x876EabF441B2EE5B5b0554Fd502a8E0600950cFa,633
0x37858a94d2F64036B8cbaEbA0A1f483490ceB1c5,634
0x91e244Da7f66009245719439f84Bf4fc4be9d38E,635
0xdf6df43709c264ef5a7a1bc4d6c962472359a8e8,636
0x132BC3663FA9fe5158F053Aa943d20239e3c9601,637
0xfBa76d61c57ABB86ddc651615559E53D6E694588,638
0x83761c6785427f5a27a07c92a9dcfa99947bc4ad,639
0x360defB3a8841dACA9365Ddf8C85D5e68064Ea9c,640
0x0a6d3cbd8596cfc9f1f4e59274b359df273351c0,641
0x401493bafea7eae8b2a41f8ce52fb34fb2a224fd,642
0x4B89f180927479fc14e5E014B48AdC26b97D74d7,643
0x562da9cf7abf8d8b380f3b7292da8b26b39ef93e,644
0x52Ac24195A56Aa1d8166A6824249607C962A786B,645
0xb9ee1e551f538A464E8F8C41E9904498505B49b0,646
0xD7ab5959666C8cb8C0E1419e8D6B55ed73588628,647
0xedcce29ce63a299b51bee6aaf039468c2e83f191,648
0x9ebD2a23c25Ba430847e22bF4c26C1219C07BBcb,649
0x7160e9d66dbb8c7883007ecc254f38d2ab55254b,650
0x692DA4782d996DAC7D66B5822f3c504f67dA8493,651
0xf940bd076b3409f8a1d0c7e20beeed2c6ea30115,652
0x7F721aB4764d883A886BFEb524df8ddC8EcC5FE9,653
0xac3174f9c0da6cef793a86f09034fc6ba8eaa8b4,654
0xC5Eedd168C12532c21198EA1032A498E0bc7f5De,655
0xa5852f213d993442aa531379ed19d8aa6ea8c303,656
0x5d08F5a60c82473e12e852b47Db15AFF2f67e2b7,657
0xce0de59904f30f95f4067b54f6f0fc24589087ca,658
0x39b7a1584D5d5e22E648381D8bc1D71E588aC6bB,659
0x455babe640781cc30cf55efa090202d4d9bb32df,660
0x88B164e589331Db3AAEc043c6d8da00e36853b34,661
0x890ecd68BC6A1f46E210bA5bAE494000950543a6,662
0x9944dfebb01831072ea3ab91676318cc51f88f84,663
0x556b5712c2a7cc5506fbfa785b52536fb8243765,664
0xbB411e489cd9135a3bE6E6F6bFe37278DE9c27DD,665
0x9Ff0a3faB96715c605d3D6f692057eE4197a6C31,666
0xacf9C198065b17f3f1E3E2C1d405cF1e074fC6a2,667
0xad3ec0612cab8364155f2c18e3d497250bbcc8da,668
0x236F9F97e0E62388479bf9E5BA4889e46B0273C3,669
0x58eb3a687e82743aac5867a019c313d947646f9f,670
0x58EB3A687E82743AAc5867A019C313D947646F9f,671
0x326814b64d1cDBC9ca314603564C2146d241C222,672
0x236f9f97e0e62388479bf9e5ba4889e46b0273c3,673
0xe1c61d28eD7acadAcD673d6E51248FDCC2337884,674
0x8e80c0b47307fd63f38725a31c5a3e6bcdabe598,675
0x17D1F03F73Bd4590B23039a41758712c52A7524e,676
0x33115a0d1387e10891b3c86592025c0f204bcdb6,677
0x29d7c4255172489bf0492828ce6922deff6f2376,678
0xeEe28d484628d41A82d01e21d12E2E78D69920da,679
0x53B65C1E20a1822A2C1C4cdd88b830F2D578Abb6,680
0x191bbBe7eC21FC9e4924b9429B4D87162bc4B2f3,681
0x884968b7c48331538dc36cb03204d2c135826725,682
0x7b30fed9d91E63a6Dc66e1b3face87392f231199,683
0x9e084adf8aeb7cc093a6e25744795762b52f7586,684
0x222ccD0B63105497e0639cAa6ba851a31090A9d6,685
0x2265545328ee276e9c56a6f6517df69086577e11,686
0xaeec6f5aca72f3a005af1b3420ab8c8c7009bac8,687
0x8f387B9985D8D5E9360C7d859f4ECd8c972cb901,688
0xa30d8157911ef23c46c0eb71889efe6a648a41f7,689
0x287c23DD895694DcA7Ea40c6e5145D316f001C79,690
0xA9Fc18eB586052AD91a48f7aaF845DC52b303247,691
0x72f60b9958f89b3c6a3819c03b51657b92598dde,692
0xc86c75a95adc0991010d90f3d4b1655d90d2d70a,693
0xD35979103e9cEDDE84CDF1e8F28b7B6412ba37dF,694
0xab56A23C51F80DA23EbC0839722C6ca2cf94be74,695
0x9801Bc023E72C88ba6910739965Cb9AB5276Db70,696
0x36Ca1322F23209703d7BfC4663d2267B07a4CBe8,697
0xF74feaFBF6e5AD0a02A737c39C82466E64CEb8D9,698
0x69ea6b31ef305d6b99bb2d4c9d99456fa108b02a,699
0xDBE16bD6d576E15192ae8A7Abe940f86Aad7add6,700
0x6D37b36d3212C620E7f1F62b7b3d91B140175273,701
0x6d9c3115578688FA2E5eF7AbD32705Caa9EAAc44,702
0x0d8775f648430679a709e98d2b0cb6250d2887ef,703
0x5e575279bf9f4acf0a130c186861454247394c06,704
0x9130e3166156F565F25ee3f708b485b59Fcf464B,705
0x5fdc2971a007ff8f35b28cdb7345dec95bb95d74,706
0x36a11C5857dD5AA6c8e4Dd55B41a56CCE38Cf22E,707
0xfbb1b73c4f0bda4f67dca266ce6ef42f520fbb98,708
0x629C0CC404105a88620ac5577B07eD917C55DaB5,709
0x340d693ed55d7ba167d184ea76ea2fd092a35bdc,710
0x4669D0d553178053cDa544A0C73e7826b4717114,711
0xba826fec90cefdf6706858e5fbafcb27a290fbe0,712
0x762a8AcbB3Ed874b346C5d5DAf80dEbcC0Ef7435,713
0xC020c595d5CfD4CEA31cE18Ed67aa1Ae35cF3d01,714
0x4691ff663e87981b2ecd8bcf1e294bda5dde10cf,715
0x986Ccf5234D9cfbB25246f1A5BfA51f4ccfcB308,716
0x1677b2d115681731fD00c4368a1cf7e9D301bE87,717
0x04bf40a81dd28591465823089c9d3a7ad19bc6b3,718
0x939a1a708cc3794456Dde67BC9afE7Ad7A8dd3b9,719
0xc15c921818543Bf3fA115E2d30412a63DB798Bd3,720
0x4e2eb8ee38bac64038deec68fb5f441426de2602,721
0x733CFBeB4B5Cf9bC13d3da632accd0B488E68040,722
0xcbb98c8497621f54f1f7e375aeece56e5ae6b005,723
0x9afa066884ce723200438b672c0b8d5769e03a6a,724
0xd167E55FDf2215020FB4Cb3135dc6A2a45020860,725
0x73295d3c0ca46113ca226222c81c79adabf9f391,726
0x81DeD37280C77fD79cDe8f31213Fe523bEc1f1F5,727
0x9c808cd59d94a07053658b00ea12d8e9cbbe8304,728
0x9c808cd59d94A07053658B00Ea12d8E9CBbe8304,729
0x7EB70C8e50a050b822E593492C0D17c3Bb55A82d,730
0x002e1798bff1ea5bcd703133eb61706070080c19,731
0xacf2275beae7cdc67ad447b738d44394f6b33d66,732
0xB019c3d542Aa0EF73ecb74d0Ea77bBf6f1322Bca,733
0x026d835e8e11cf60a81cc1d7bd8eded0e47d5d7f,734
0xB59B252E98D54A28544AD1c87d7796817823B59e,735
0xD32FbF6051aB98b60D015E0Eec1AdfA805bfc370,736
0x40120b5a5994F7e3AfE3c0a3dC56D1CCb0B75262,737
0x4b02d5cC5DE33Ee9BB182C427124F3E63eceB023,738
0x885ecc9c31320993e0fe6148cd90f5159db19d36,739
0xB6dFe56d22fB2fa55c8C3042E1A0e9E4a52ACA17,740
0x0cec2e87866c9a2f736a25f90f550b34758046b6,741
0xdA09F8dA99e905df75425AaCaD6D5eAE9eD723F9,742
0x77BBBB034182c1C02E86c99735Dd87448F13317A,743
0xaa9fa73dfe17ecaa2c89b39f0bb2779613c5fc3b,744
0xe03c23519e18d64f144d2800e30e81b0065c48b5,745
0xc2Cc3554A3C91E5648e0c0ac15c93c00F10eDA4c,746
0x3a115af29c8a863b5a8072c4082904ecc064b814,747
0x82334283a7f5452f6918878d3838effee2ee610a,748
0x2a4F2e9458880815ECF99C09560547D45a606F9f,749
0xee3e62161d80ae5e867c93ad081b5bf9f003d938,750
0xA42491a12C26Dc13A927271AdEC889b9B14d0cEb,751
0x974659066f5ca36ecc868889ab28d549a6cff0c1,752
0x4D538cD33ef96Cbc17dde0c61aBfCd91EE29b641,753
0xa039e75e6fe66bd022a8c74f261338563a76fe27,754
0x7017edf2c548d566cc55aab13540dc531a38f81d,755
0xA204870e398D4c0E4FDc63B6040fda9C2afD2b48,756
0xA63a6Bdc03563727465Aa2c1dab3EBAe73D74BcC,757
0xa671338464b6eb90d41adc9954810247fdbd042e,758
0x7caB73b4C4dbAD3330508ca7904C11D7574d84C6,759
0x451c1eacb9390204b5bf806a0da613106f83ba50,760
0xa837CDfA7E0F5375A63BFac0A6cCc28a1A3551EA,761
0x7A1c50c5D2E5a8EDa5Ca14F73C2cd9401d40C222,762
0x6f70a273878e31136b2204f0c3811e61163c6d42,763
0x80b0359b77827256d8156c8949c7bfada1535dd5,764
0x7d6f449dd9b566a43f9a94b14857190a8b10d56a,765
0x7F16FC7EA0141ed5Da2975Af6C5eb0eb691679e3,766
0xEe56326cad36bA753874e3dBD3a105e94C9c00ea,767
0xdcf855f68a2b4049b73319a7f855137e329ebfa1,768
0x9046fd21b6e2794aFD37216F67Ed3969C6b53002,769
0x32e9dc9968fab4c4528165cd37b613dd5d229650,770
0x8c14c5d2652276495e2807434e614fca59f4c811,771
0x8047Bb3BFba3f52E12528e777d87C6d0A84dffb1,772
0x9127b20d3fbc8b42a5f3b6aabc8c2d8ccfc13f8b,773
0xef222321c379a8D54cDDb469548Aa398E254d0Ce,774
0x32e567e8b527d3194c60ea3c6a5c009d58a0b36d,775
0x588008fF62E910999EFCA6feeC68AEb72CF14655,776
0x65ad6a6363ee06835ae223223cb4def7cd06cc5d,777
0x9904CF3ca74d713B95bFC38800CC6E051fCE5539,778
0x74fdbb27ec763a29a559521cb8c770dc60055e52,779
0x73295d3c0cA46113Ca226222C81C79ADabF9f391,780
0x49e3356ade8e67350e3e97f564bdcf8467f3bcc5,781
0x0E455d05d96aDc38b5B8764187c4884C94B9e558,782
0xf8ea0bd9ce30501938867c9e570e61bf38fc11d7,783
0xE0BEBBA0499CB9B4ed17EA47762c660F55F2f341,784
0x8ECE597558924d4730a65CcF90E589A404c59Cc0,785
0x2394d727ba93d98ee2ce15f4c84311f28bfe87fe,786
0x570578FAf94bE07AE650837A231f323Fe00547f8,787
0x67ff6c8b0ff3b11c076b55cb26b590dd33bb1fc7,788
0x3CDbdDD6aA32F654E016563cA7e99d88Ee0596Bc,789
0xf6aE374361637EFe3A8fB4E3252651707582adc0,790
0x8730Ec81fbCbE987E59b6EFe86aEFD11Ea45cADA,791
0x0fe1b0ba84efead62519b1f8ad82faf83afff20d,792
0x7ee2047D3b6E99D12b1FCCdD588f43d16E202199,793
0x07d095ff9fcf13e086ab6d44309733e95daa28c3,794
0xd382C7441E4E881263f8da73fcB5CfD7BE92D0aC,795
0xd10b095e837933851373f51f3e79d09abf29194c,796
0x824AF70C0b2b3f07c2E2365F5d7aA55a631Ac2a6,797
0x486884dbf8bf093308b93491bc426bb84c23dfc1,798
0x3c02290922a3618a4646e3bbca65853ea45fe7c6,799
0xD17D4e3B6580C9869b090A295ee21Fe2A23b80E4,800
0xaf141a95629db77cadf9d5b008376acae49dafc0,801
0xDAac41baA4c747e14518D59f923A6a09c6E726aC,802
0x66d73b05ab7744e18bb8783dc6b2e1fd08f54b02,803
0xf1d5b6F314275b93B0fD9CD9B9768D8c540eB04C,804
0x4b01721f0244e7c5b5f63c20942850e447f5a5ee,805
0x8500d2D4A87736D5fCD96388458c11fd3ee76F51,806
0xbDbF7f7135218fc78BEa7E0EbBd6769a31af2976,807
0xfcbc675c7fef81a8d7e3eb1189baa89af286d567,808
0xfca7EB6029CC2eeC9Fa91F37a0ff66821816CBa4,809
0xc7b2e34214b7ff6aaf2ccf9ca1cfbf4a22c50e7c,810
0x65cbE0d9486b7157Ba84dB2C6bD873EAbaE5140d,811
0x255A17187F71d09991170c1F5e9fF57f8Cb834Fd,812
0xd0d3bbe6341849b719f16a5f7cc369837b7bb7ea,813
0x885Ecc9c31320993e0fE6148cd90F5159DB19d36,814
0xCf24C3Bccfbac82e63302bfd676B195AB643f2bF,815
0x6485fc77be2186fc60feea38d0ef4331d8404b60,816
0x1d39fd7707be78EE5Bf02ddBEc204447166D866a,817
0x0473e275244c22ee69afc188893402df7936a562,818
0x382551daFf146075a96524187D2D2882AfB2d096,819
0x4701d3b0f0e3dc9e78c76927498dd87df88d78b6,820
0xFEd4699F6A275160582A4Ed29512E3C2228004Ea,821
0x83dB49c96e3872167e47cfe3F5dD32DA04Be2E42,822
0x344d3c00314fd0bf658bd8b9d57ebd07961d5693,823
0xc97A4ed29F03FD549c4ae79086673523122d2Bc5,824
0x52bbe6f57839a9656e325f94391ed24a05c43bed,825
0x19fF19F4f101E0460Bd60e96db52199247Ad0359,826
0x253cb8B6663A87217b2C367CeEf94A7A25954a01,827
0x29d5527caa78f1946a409fa6acaf14a0a4a0274b,828
0x317C825D6cDB0bCe0161461886C24A010ecD4Bb9,829
0x8d3b2ade0160c8df0246003f3f152057b73b9894,830
0xb630ce2baf99994f6520c0a5b80aee79beb90df6,831
0x88A493d76615215b72bA478372f59F989EE744a8,832
0x1f851ead7b56ca57f771752eb148b2b4cfb34c35,833
0xEB234D388C2f0127d7D865D983Ff6aFdf7f1bc74,834
0xd1837857513ef0ba0ea04ac574d812836cafdf4f,835
0xAA7ebd790cA3ebA2F51962835451D93F1e90df93,836
0x0c6c34cdd915845376fb5407e0895196c9dd4eec,837
0x6aA88686a48Bdb35dba3FeF81663841795dA5e26,838
0xc77ea01Ed56CEb0815E5f2139e2EF67b031B1E75,839
0x7cee9f9e30c162730dbe4368514416563b96ecb1,840
0x6ba7Fe01EeC4C6A4308C8E2B35970e0488ce9a86,841
0x6e7897Cf3Dc5C8d7349eD63D68b0Fcc34435CA8f,842
0x17c1bD6c43E615506E00574589748d959f8f500E,843
0x7ebC2D415C47703d153C2a35811f517fD18Fa234,844
0x879eff9741f6cb77a9945178acfa867c09bc8bb2,845
0x7365F4473F1cB4CA94F0dE7663Ca6F32d1f56832,846
0x738a5e4006ef3cfa532bee2dc6295d8b2f3edc66,847
0x3AB70adaD0C6d6651652c14608C71A0A0f4c0CC5,848
0xa95350d70b18fa29f6b5eb8d627ceeeee499340d,849
0xEA2e8c7E256297180B94A6D6E2A8984A3c00AA37,850
0xB52f62c14B468dAa2dEBA5f9d8De5995912CDc46,851
0x86690f46cf1b1b006bc9eeb6b5cf4362f7ccd7e5,852
0x3C02290922a3618A4646E3BbCa65853eA45FE7C6,853
0xd26114cd6ee289accf82350c8d8487fedb8a0c07,854
0x4282fEfC17292bC9ad821D10E41917DbCdE34af4,855
0xc72Bd4B0472f4FcEC90524eb3ED8ED604F74cc3d,856
0xFBf6D44851E75E5744dC0fA9DB7F45BF35313B6f,857
0x523e580498e5704f26fe050c1da3fcfe2d8a608b,858
0x3b15009FB27DDD3F0E4c11462f666cbF4cEc0D37,859
0x380c4dfdaa5fd2e9157b80b3b47c38ad32146927,860
0x4fAc18eF8EF9E11ffae93B4cD54516c5D08030F8,861
0x4ceb7b864b7172219d769668f97ebbd6b137e9f4,862
0x2907e8A37c950a92855742b7c375108C569C278b,863
0x384cd34bdf85206544f7b088c0e869a43ff5952c,864
0xf54aB70a09538D48c78a0194eE20763fbe53938B,865
0x5a282602f3428541b79d31c4530032463b8a9a42,866
0xd4CaFc42C9445f10D2484FaD1e9718DDD0dbEf07,867
0x8574eE57C19ab9d569AC6d24c717834fE61a23E4,868
0xA675de81304599CEA5E4e95D0c770deECf1F744E,869
0x2Dee70aC9bf465c5483C436eBc7F0629c5e9055A,870
0xf545111f268da07439550344d668ab272986778f,871
0x182b2AD652B11CF6bD03110bFe77d4dC2580285a,872
0x5cDFD3A623e6C632B4b508408e30B7aB8c365f70,873
0xd311111d44c20d30f755f5a0934da7242a6d5c8b,874
0x0D561d6ac8dACf57061fA55975cFB2CE5f394316,875
0xf60c2ea62edbfe808163751dd0d8693dcb30019c,876
0x24Ca1243e2592F8634fF7e94Bc7e95785bBab7A3,877
0x1345d360731abd30cb4e2c2a4f82aaa5d5627870,878
0x1671a3e4A2519A653E66E827ef6eaE690ee86729,879
0x5e44c3e467a49c9ca0296a9f130fc433041aaa28,880
0xf8d173F87480fb77e08815dd2C41EB12703B040B,881
0xf9c2f473c6e2de806571b8bd18c3c5d35b898b0f,882
0xBB8A4C01C77D71E3d4D08FDf7f6c1f049763C840,883
0xf6aa2af715bcb5427acc0d4e0dedff29cfba72f8,884
0x8EB871bbB6F754a04bCa23881A7D25A30aAD3f23,885
0xa938a3026e78661e9d9c3cb50b0f798959134a7c,886
0x5E44c3E467a49C9Ca0296a9F130fc433041aAa28,887
0xD07160bcD4363F2370Aec1CD48264abD08E87999,888
0xe24fEdAC28aDBeaFa16943EdA346B262090158b9,889
0x89a97d42ad6b34d69441229964158774aba007b5,890
0x98b7214ff0ef840fa769241e3ce06aa9129e948c,891
0x1c7956bf79ace0dacd6ef3eee88510142f2216d7,892
0x1Bf2FD6351289055bBE3e923a8044a0e950A2FC2,893
0x71d237a38dea04b16f0e367d64c5441ce891e43b,894
0x71d237a38deA04b16F0E367d64c5441Ce891e43b,895
0xda7dd597a04c84e2b5c4ed6b521dc30e3db7f0c6,896
0x6cc5f688a315f3dc28a7781717a9a798a59fda7b,897
0x5821c4892521530d6d6f49c9fb5214ecd813aae6,898
0x6698819d81dAf58C3a6bE419521A223b8AC32E9D,899
0x3e69516094af8f098c8b6a4598b952571f9ba213,900
0x0e57b59511D4308663c6DCF15a44E3BaE6Bc262d,901
0x03334c2eF2268d2d1ED4F312ee8D8FadD3F5A7a0,902
0xad7e9f454e2980943d7c593deaf8f688b8cc4392,903
0x1c92752Eb0E8fBA4e5353AB960F8700Dd31680F5,904
0x74A856C1019607a8993eb9c4752C032E9E46A2FF,905
0x4737b3A3708056cC4Bc69e9Df1F43c7e158b3BFe,906
0xE12553744083D3adA7b96Bd12347114858515Efd,907
0xD95830ab846d5F8f7717b31c65b89c38Fc8510ba,908
0x07E4Bb4a4d9E4cA74EC5B599D7Af04552f4cbDf5,909
0xf232d69317fdb697ecfcdc93db002b5b2481e52d,910
0xDC92f2Bf4B9Af89d8E351C254ffAd0f004060Fbd,911
0x8f06bc00f172578955f94366a72f21d998424807,912
0x034191F51A1c0A6BF4af7aDf65BEE54Dc1bEF71F,913
0xf8d173f87480fb77e08815dd2c41eb12703b040b,914
0xB255cb4f03E4be0c123cE63aC308ed12BbEfaa43,915
0x92dae63f270ebc76f322c046cf25e01f3286be30,916
0xf21e997625dA7f0DaF760908DfCAb0c82f8dc965,917
0x1ea0c8afbae8126eab39cd7885fb30492cf430d3,918
0x7f4dcee618977175fdcaf98b54189ee00a6a39d3,919
0x3C85e54C0d4c054f81Ba577d9260227eAc3c2C51,920
0x7a6068cc9ef3b055011d42cf7b9fca37e0c9f6c9,921
0xAf4FDb4BAa1Cf883163eD3f7fe27145Ac101b699,922
0x0018c076dfdca7c61f04925a230a9b5a701228a4,923
0x40Eb4808865BeA8D75473211289F06D2B815B3D9,924
0xCB6149283b8e5a0901664387e0AEf7F9870b7553,925
0x7F711EC5CAE91c523996F7644c3A4d556d3220f1,926
0xe464473778ee7c8074a06906dbb7418f343bf7d8,927
0x5b47d41F7EdA2CA852B0ebaFe333512aB4F97906,928
0x6ecbe2cba8adb756a7ac74beac87c422ead8d496,929
0x080ce22cb42eed5706fd236e382b57e64044473c,930
0x17c0B0F00217Ba978008732CA8a92Cc17768789A,931
0x60ef67a837934b11fdf0b6bf8ecb6488417948dc,932
0xfadf1BF84038411DF68FFBa6C9FDEAa23Da7aFa4,933
0xb7511f14ee26bc6f1c5ff98665354da2ce1cf976,934
0xB52deCe68A3eCc84845813c324fcA6Bdb677E2f4,935
0x45a655fb628ef0b60896dd64bd274daeeabeef8c,936
0x63bF19c092F4A27FAd22f3612B2eF15274Ab5d23,937
0x2A236698389aa40294e1579f9814D21c9d169638,938
0xcb6149283b8e5a0901664387e0aef7f9870b7553,939
0x35a7FccEeC6E045A31225e50753A02DCF0305C36,940
0x8737305011408648c0c2fc6ff831d566fbaac483,941
0x154B10C3731E54C0ca748f6dF11AA25AfB9aAd17,942
0xDF8bC92CEc845EbC064AD2f99CcBBDb60F7D4937,943
0x2012D94CaB7291cbc7E490B6d0Ec5289BE730016,944
0x0A60E164aA897eF76779164dfF6e36161980c6FB,945
0x7c327c270fa79ae8ba044da9b132870e8880083f,946
0x83Fed7Ed8A668dB439a322A266DDce81301bA989,947
0x586543f368eddd1db3970da821ca034ec1482210,948
0x34a50f70c7bdd6cae2a85cb79fb4672e088ec8ac,949
0xc96c12c65Fe45EbC06821B2186dde293F4250aD5,950
0xcd041fd3e65a07303c9d52d8875899a0cbe8579f,951
0xc740a544c6a2bce3ea745ff56b7e515259c119a2,952
0x76fddec6e63bc9a9dff9df1ad2598a7ee29dd06d,953
0x0D0707963952f2fBA59dD06f2b425ace40b492Fe,954
0xCfCc36110FA62bd17AcE016e09A530FE930a4D82,955
0x9AAE5c1c1A34c00DD7a59bF0c89503FC04eD4A6D,956
0xA96Cf79bD34E19A9E396D8a5F6060Bf1c9D43Ead,957
0x2be8279d6fcaa16e3544cbaf91f554cab3760fc8,958
0x2289569A8f92083e9fB0E30469C2Dc188f079a33,959
0x18fcf7e7bb6dffda16f0fc2ae9597472417db162,960
0x62eae029fe829fc66c953fa67e15761c941e23ce,961
0x00d2b509AC2B5F6449049850Df11322Ae5DAfD44,962
0x38353510286789BfF225f4C8F5c3FA0D6591De1C,963
0x2d65fad35ca104ada0d5baf56518a97a454a79b3,964
0x8737305011408648C0C2fc6fF831d566Fbaac483,965
0xfc3806b47097c2f3c346039fb7e401b6113a37d1,966
0x0233b631165D989E3097BCb6DB9bdcCB8c762a2B,967
0x0370b199c165e2008ec3b57f1fafdfcf791afb58,968
0x64D0f5f4e4219cBee43F1d10F9f88068EC1B2747,969
0x0e40ea3a9df2ff5133f6b3e5f754c8f1fea3bece,970
0xA06aB3DE6af1107d0bA132fEb41A0b23DF406AC2,971
0xb9c764114c5619a95d7f232594e3b8dddf95b9cf,972
0x0F0E13770e415e86e99385fDE42a7F28faA1E645,973
0x5674c5485088F619e7C1A2b81e2271dc568059d3,974
0x615753f91c1cE17d03C0d141Dcb6D29d7De5d4A6,975
0x4d468cf47eb6df39618dc9450be4b56a70a520c1,976
0xBA280583B3081185FE500946d1eB8F24E5Df0DA0,977
0x9f43930f146b852d0d3fed3dc61c86ddf2529ee6,978
0xcC907ba082d81107238072bfc90e9e7f605DAeD1,979
0x6cb0f13930e11808e360ba83c137bcc2221895c8,980
0xB9C764114C5619a95d7f232594e3B8dDDF95b9CF,981
0x00929c87bd81df6bc0d1c5db9fc655aac1c50437,982
0x081fB1Ef8c13613Cb49eB68e89563A281423F3Cb,983
0x4e000f88cf6f2d9e3a7cbeddfbe957f276f4336f,984
0x77daffC86C965D0B51c761E15517490f45443c18,985
0x230B5eb0B68140629eC679aBa30c3a38d9F697dE,986
0x8fdcc30eda7e94f1c12ce0280df6cd531e8365c5,987
0x866416beb61907b517bcf6b9e1f2bc88871f58e2,988
0xA2c70658AaBA902845d32ea43828459Deab728C3,989
0x2235a5cbdea9ae36e9b215a1404c034f1076df47,990
0xbB7346d4FD46C918756e244c4707c71BADfd9619,991
0xf2f6a79253a46624b51459af383d806ab26633ea,992
0xF8dc05e0D916C8B8d7104466fdA9Bd7E8B7cFc75,993
0x8955390bd78df0242e648eec6bc02a06b670a91a,994
0xdb8121cCb3b06C36BbC83F994cAB23368D9D38a0,995
0x3d4c4c0b97d46405efdac826984df97c66b40070,996
0xC2A9457d9135C9563d1FEc5a777742207Fe6Be99,997
0xc7789b524d70499df895eef2c7e5fda2fadbbbc7,998
0x6Ca4b47442d9De98aD6095d84eDABb2E418185E2,999
0xe16fde0108fb27c55bed58a2d31c8f8109c13270,1000
0x248Be9D5d55AEC0eDA3E8Cbc7Ed02481F7AEF2CF,1001
0x54397de43326863501e7f68e25e04316bac10219,1002
0x248be9d5d55aec0eda3e8cbc7ed02481f7aef2cf,1003
0x701374f090D8687876944ea6A840D14C3DeaCfB9,1004
0xc862ef8bd9b30e25405826c577e9ba59a2bc4f24,1005
0x3a20d8a24CfF190d4fbce0309b0b848f8Df51A56,1006
0x106047b0d8733b042f78cf263c5819149eb36186,1007
0x4f84EFCcF5279c9A8cf7d32fEe889B3C9947d874,1008
0x09decef72779a772275d57f15e196dec379fa62f,1009
0x5db605165d2e2212803c850b403030a021d045ef,1010
0x5bB6f72962b7c623BCcc8a3b1b3e119C204b7992,1011
0xaadc0f6b9c53e7e9642f690cdf7ef57e59d3122d,1012
0x309AcbbD22a7E0B5d6dA2F6B73a4F2EC8282EdAd,1013
0xcb1b538e3211680aad6c1ef24b1cd4f01086cd37,1014
0xfe28c0e4645d1fab1490b277f1d0f9d5cc0c2ec4,1015
0xEDB0B612831616a26AA16a471bA2461C1b67CEE4,1016
0xC782b6ceD8bFEbAA66f48CD8ac6Ee83B8bbf2f47,1017
0x1e2d607e708a043cc27cb6acaf0dd9022573f6a3,1018
0xEE0e49fe7bE903648ac1371D7C1Fa59730eef26c,1019
0x92DBFbF93d4aFC865dEDf86f412691FAA5Cd245E,1020
0x69908ca3374cc86863ce8757dda53d9375332a8e,1021
0x5bC75408FF3D00cAb6E063FC6996516896af9008,1022
0x6add512854f942ddfd3243b5e9c9a2a4cc7fab9f,1023
0xb6d4A238B6E01A5B6Dae5e2f0199297448E13918,1024
0xf5aa23f70543a62175c146aa3cd218cd1e3d13c1,1025
0x99eCd3C71bb3dBa8E907F5327d092d94dED16285,1026
0x5379e97877f05f96b8df5fd7e06797ccfd6ac2fa,1027
0x20161e623fa2711f09dbe317159120395a93a5eb,1028
0xa9d183d781ee16057f1e7be022e73f5adaec12f1,1029
0x0A3DFe7eFC136C8024BaFBACC71D5D034aEb2E9F,1030
0xf4d20622ab23a130b4aa0371934c486f30cb1c89,1031
0xE58913f0f826C2A2edCeF1DFefEBb343F25A7742,1032
0x612eb0c98c2f7da7715a363a2307899875d9f239,1033
0x22167E86834F685B18306b33f5f237e3D9aDe4A1,1034
0x97E4b73B9f1bD4369A3F3344473567eC843f1CFf,1035
0x5FB96747a0d97a84742DA809f1bD32575Df75724,1036
0x82a6cda7e72a9a015e69f2b28eb80f91f31b9a85,1037
0x90d3861b88455a3e879cd64bb7be29e7b9f7c389,1038
0x51bCF99E51FD07A74cF5bF06Ec3f6b66A3394cc5,1039
0x3b42af735fc214c99da084f49ac141084f5fbe6f,1040
0xaF8d61B8722BC0065fb076D879008e42D87403fA,1041
0x3e39BFF6b150b2F38c47808c2bbD287509c5fFdF,1042
0x759b89509334c403bfcad9703597efe95e94077c,1043
0x5A554f2d74C444Ffd68A54ce238C6808832063D2,1044
0x48c1b639637f8abaa2b192f369bfb0cfe925da6f,1045
0x6cbaab007fc8f455aceb496c6396a1a157cb9a3d,1046
0x2A90C95F2abFFBD3ba01C43ca26650A646A6b901,1047
0x2bc3c1f99b629bd34d001161a55fcdcaa2b83eb7,1048
0x83d0c48a70ddb537bc553c1f0b8c318722dd7374,1049
0xf238ba916f4da63e938b49143f080a0df00b58cb,1050
0xf1b95f7bE4bcCfD7E3D3f06590d86CB162102Eb5,1051
0xe527FD79a3922A88563c41FEb6620fCe82C1762e,1052
0x33cba7065f61e8f66b98e83562a3a3998e31be97,1053
0x6023912A8b6e272c4aB4a7288Aa3C7f4B3Fdd933,1054
0xa058e318a94b35a18bd4eb34cd97a2cd01700212,1055
0xD0566aeE7ABB88685ADB16ff5D62238d8689B9Dc,1056
0xE963a1073645b184D885725158B190729D52cea0,1057
0x7c35575d65a98caab9c447de9a9357ca933c1f33,1058
0xBa9fEbBDC6f6C3822A7abC8b426D6bBF301e0839,1059
0x7878faf8355172d958c361e87077d58f2ddff0e7,1060
0xe075317D598827Cb31341A3608Fc99e29961ad3A,1061
0x6Ed57F8C262131DCfCCD8638933f6c120e22ceFd,1062
0x90746C8061614829906e0E91A261220933BA8ff5,1063
0xcd34a3984474fb25e25b77527454ee3345ea3424,1064
0x32f96506dd15165DeB87B373aEf97d26b42f93a4,1065
0x9c28cb89ad10db097ca8e81b1d65aa7d2a17f85f,1066
0xEb28C9A7e42EDfb6a61b793acAD34e94A4116324,1067
0xCD29Ca8fcf6F4A62E6A88CdD91096d6acECE36D8,1068
0xb25b9304a2eede19e0ffc6d61c6fbd40f2b64b73,1069
0x90F3eA322ac7AfF467c630387FF34D746F69CC05,1070
0x08127566e4e80837f81bd75c2e641368079815e3,1071
0x94ab1474c124b091f41b3c4dca39216cbc05f8c8,1072
0x923A11ac7B3c8894fD9DcFb5CB716e511478E301,1073
0x9fcA44c88cf52Fa95Bff0B916838fbD9d4A4EfFd,1074
0xc8d70dbb2b19f5ce19c6af84ff5c624064850a8f,1075
0x8e67a626f1349ee9a7dc67bd384f03627461b7d2,1076
0xcc410528671988cc96981dac98f2c843c63a20b2,1077
0x264a542df91E54022526374AEde87a53f0f4c147,1078
0x0dd3dbc2808e425a78122a61a630c197d399969f,1079
0xE16FDe0108fb27C55bED58A2d31C8F8109C13270,1080
0x77316b2ce24ea5d36c748f6076681ab84c256036,1081
0x689E33D123D4aC3F68B4E486da3271d080900b24,1082
0x2B16264e032B4670d97A2700c0290292255b4D97,1083
0xaB8F1878cdaf951EeB99860a4E697Bb7D0Ed7874,1084
0x55cb40dd5f05408f56c068c9bbf7941e02fa3107,1085
0x44Ddb3F19dA8708164168ea98631893d3c025752,1086
0xa74b64c2aad6f789c71e5f342893a6f8e623ecdb,1087
0xEc1e2DF8cA5908A6d4e8AD80C736eAE58073DF81,1088
0x99e5608d773ad908f32b38ca137a3e0ea66fb4a9,1089
0x64397f0423B7676218720E77Ce4F475E73629da0,1090
0x654320317fc985942fd6c84fca54bbf152279163,1091
0x8B0D69C7416e1E6E787Aec1D476fB827299B9bD6,1092
0x1aeC5eb93C6D5Dd48dd34bc5C825185CA8ed5F01,1093
0x9c0D14075866D79344FDDa3E6b3B55EFe9aF8984,1094
0x54b137a1D24B876bb9777aa18d27818AC46Ab816,1095
0x4b50aFfb281e243ad09db405b174f4bF59C62510,1096
0xd96f3f09299ec99ad2aa0e41dbbd2e488f915c3a,1097
0x96f7B6740E26dde3126ec4942d795Ac7BA3CeD37,1098
0xE4AD82Ca2FC5c139436D43eD6736a89337960B16,1099
0xc00914f6214d82B79851D44cA47aE3b18de16BB4,1100
0xF9cd11ae8C97fb9b9c73D028Eb6D1886B108049C,1101
0x094a2a6748733c828618286c62ba0abe78fb936d,1102
0x50566dc62Ad5f0d21696cf1AA3Eb8Ad961ae25F4,1103
0x5e2b7db2857fd1ed0e81b3d036a7046082f579f9,1104
0xB5C612D4C73F560Ed33578AEC2d9CbCd04404272,1105
0xc7c503c17B5e88F14dECc1103773c004697E1C49,1106
0xb930C728ca94bd760759156AA3C96f8A44f907e3,1107
0x74ae97c610f237ccf2db7d236689b36b7af9efac,1108
0xddf52b9C612ED97bCA0deCe609734C473c87F402,1109
0xF3396DE0B5a7785098245e677e232229725540aA,1110
0x1a610ff17b2833edab99a3986357d37d6dd432a2,1111
0x3f032b6955047236695662A99AD1b015D19e6d21,1112
0x9b9a3b89243dc8c9bfb654241e3186eb8c3b6f24,1113
0x9776590b8c12f5989a56f525896F268EA133960d,1114
0xcfa919208fc8a379f3ba06c85730ade591ffc8d7,1115
0x30dda26fa5136147d4f4f8b95f845aadb6151616,1116
0x8D3cfFf02665028bA57ed96529E43e63Af83FF70,1117
0x498f47fbd769ceace62e338beb948260f0fc9dbc,1118
0x42243d1a3dc7948799e6f6de87e50ad480bfad70,1119
0xa7edd800c68c900a9dfa6528685f26add28f71fb,1120
0xacCC76D10c05560A69683a792cF65244b5688718,1121
0x2661d627211261dbdc82c6b890896eb3d22d0a15,1122
0x32fB22f1dE80FcB73B432159c2EFb4f83f8f8A43,1123
0x8993ef9AB1b5C6E9033C3B55a9eD1037840FAC83,1124
0x16e00596793bb75ecc6f2d3751d88e0f9257dfca,1125
0x393024fF01204663616b3E4D9e8007aC3C52cD58,1126
0x8b7990ea09aebfd126903c913ab0d7da34967a6d,1127
0x417c8F55f30256d6b2D673EDbA99ef8d6B8a2867,1128
0xE5C35b75abdC4FF612ba750c6F602ED92c15E86c,1129
0x854b7dc504e886e3057a99d4115f2728843fa750,1130
0x1F7faba52c671fefb4d7f234149Bf3c6968C6Fae,1131
0xe74de8a43e074b391942099d5b7779f4502d5cb1,1132
0xeD8FAFCAd0eFd62C23b5Cb4D8062c4ABA4E10F7a,1133
0xc43BFeb046162cAcb55D0e4204852Fb9D0B87325,1134
0x16700827DEc50a6a2B2915ec358A7c0Cd9FCDD03,1135
0x446eff3d722134dc462a7db253af237ec658707a,1136
0x10e9432ce4d016fab3202b8c72fdb5c55c30d085,1137
0x54Ada97B15119d36C1053e5BD3777764A6800337,1138
0xf230b790e05390fc8295f4d3f60332c93bed42e2,1139
0x28411ac54983b5ed04af2d01ba093a89fe739b75,1140
0xa9f6185888E69bA337d01f9B46A6Be1d2dD2435e,1141
0x77425e340ac2cb24cd9ec63568eca6f0c36dc66c,1142
0x1Cb5F64F46Bb92ae55bB125Ec19A371ba52Fa3da,1143
0xd2d4782abd2ae3cb4fb23ce88397bc2d57b824cc,1144
0x4272C298F23947D617B9d04b62A717d55483cFc7,1145
0xccc0733fd8b2081733651d20bacda040dbda9a95,1146
0xFC7Ed8C0f7008a4a4ef1c67D4d77a58C23a8b1e2,1147
0x45095959e0716cbf557fae4b88137861f076b88b,1148
0x4381D4eF16c63Fa0b4484253193f8F40c1455b06,1149
0xbaec9c41bdfbd526762950dadc7956c18c6dc773,1150
0x30E5A3ACD0fD4C8278d4Eb0613868238BC388BE1,1151
0xeb1871a3ff69967f59fcc6227e1be3f1b20cc61d,1152
0x878430ffC144c8E98832Ce16100010ceafF0AE28,1153
0x2015d2facedbaf87347dfef8408ea325f25a04e7,1154
0x29A0a94f387Bc24e01eCE2E849F064130c4463eb,1155
0x2906d408a866763f0327d6d0970c7ac8918a777e,1156
0xb287a379e6caca6732e50b88d23c290aa990a892,1157
0x2DaF9601137852d8059f97EB93840C9D922eaca1,1158
0x0deef96eea98c9cd1422a4cce47f3ab749afdce7,1159
0x93f36930F94FBB5aFc5fB506D3f7ABB9179a4e4e,1160
0x4C7A76F719b96eA6eC08cD4aD11d97A096bD5171,1161
0x6ec681cb2a3ede1b7271282670fee553beb9803f,1162
0x92bf731A25ba1EDFFF7C7897b1C470b3385d4EB3,1163
0xA1aCe964f091b1CC744aC98AbA5CB9545C1030F2,1164
0xb29e2824934d601921dfe02dabcfeb09ae9c966d,1165
0x0af76f3B5850D1b78867e010806106d1eCa690fD,1166
0xB243478982a13Ed0A2A8Ac06C606C1c350acf269,1167
0x584fbfbd6ce3436fa5d546df022a160691b1eca6,1168
0x36fB1F71d0e44Edf2dE2F9A2C9DD1Ae9FBd2A944,1169
0xb7db2fd97d6c45a49365b24f636a300fd03c6433,1170
0xb4426B9943d240e270FaA34aE3B54dfc47a7C58a,1171
0xada78624d022fc5161b48473f48f888882b901e9,1172
0xb070764365BbEA6Da6206068C53c2F31529867E7,1173
0x00c2d576717392686f905dd126b0962a24a4bb59,1174
0xAeC06875e22DC5782890B7914d17e22de50E6cf7,1175
0x9c2223c14d1eb1b1731b6dbd415abf0e5ecb71ed,1176
0x1aAF3bFAAD3EC625872BEd5F5689102A3fA47f61,1177
0x1958c3C1Fd26a65D7Cb7B41F47D898bCEd01a125,1178
0x011db1e6a83b165760d89fba7e4344b62115480d,1179
0x7FF2C19c231b75C9384Dd8198ea2003941eEEbB9,1180
0x96abe2f30f59f6c1692f52ec05ef14306f75561e,1181
0xdffBB5c6F85460EF5Ac0E6eACD2BF3141Cee47b9,1182
0x58f4c8d7185bbb6614635de6384ea8bc5ea0ed57,1183
0xf63167381B8F493ab746F22c8Ef59917fC0712e6,1184
0x9E5Ad6669B1D1A43f59458D037D2146a4a450EE9,1185
0x892b3089b3205a7439cb24cfffda8ee404c00567,1186
0x8bffb1471012049f18b5d6ec20241baaaaa35f12,1187
0x9fde1a8ca3da68b6ff5f020d18b6dd65777538b7,1188
0x09dc6a44e295c64c00bf1f164af2ff66a67c2e59,1189
0x6120818dAeeF29700B9eB320De63E4157BE982CC,1190
0xd3ce1d29b64473cdc61703f4144061e060490cc6,1191
0x0d0707963952f2fba59dd06f2b425ace40b492fe,1192
0x93e15b3ea4aF50c29Efc038A104cE3540f9fE757,1193
0x62efe345b5bc96af8efe564fd018c599e619cfe2,1194
0x18fD1626D3Ff0Dd72e1602970292A864a9E7d66A,1195
0x93bF3a7Cce1ebfEEb21953218E21593409789a15,1196
0x48d1f7696dc6220049a8f1ebbf41f81f95d36b2e,1197
0x4A16118ABb7aB2e8F1e5BA404Eb94992d5593c1B,1198
0x8b06c1421cd827ae7Ac5c8324B2360802D8E70E6,1199
0x82CF0CFF0B82631b24C923E41507d33d9ccb2873,1200
0xa95e362c7ca86e024224c8fb7595bd4c6e8f6217,1201
0xeec70E3d017Fb332183C3FDC1cf6586B1938B499,1202
0x837479c9aF8DdDAa5C2B5186bfFd0e0D4EdA568a,1203
0xc4e8e6047bbe9cc4da13ab165741cbbde03cb0e0,1204
0xd2FbBB431ad653E787f318513450Ac9A70A9fd28,1205
0xC5eF5bEC62ADA392b3caCb8F7D7D08f1f0961e12,1206
0xD49D3fD5743486C8D4f9d03B97d98D6AB4631e9c,1207
0x5841e7bc28041e17e39ef41f1248fc5fa8db3a4c,1208
0xF67801F2218784E8B979079F60abCCc9dAD1C9dC,1209
0xa3eed47c3cfac6200f9bb563e35a41d9f02bfe65,1210
0x5B841B2bB88BaB8f123141c46fEc5D826528D389,1211
0x2F2c355D22792500Bd9f258f165A93287270A800,1212
0xB3588924cEd6527a4911a465d48CA244E57f63E1,1213
0x24d12D3eA3f77541a4A9f388fE5B38b28DE8a45c,1214
0x7afbc3e42893043608ae1154dd9fbd73a411b7c1,1215
0x63C5Bcba973Ce3d98dAfefA72482de4055a4d469,1216
0xa164b61f403362f4971c9a65e89309f0cd240e0e,1217
0x931335515ce5d8dc64e02a1f2180de71e86c319f,1218
0xC8435d14D544892a428480925101A397CB463abC,1219
0xB25c18E7eee6Fddb2fE40703a867b0112F0641d4,1220
0x29787840936585e6ca48dac1fb988f463a94a477,1221
0x07170d94E084D7b33C4e894f6612681542349C56,1222
0x0Ee2df7000527926f839F9A08f7eA9914D9573D9,1223
0xF98d46f842C215f06D8De0528c4EffdFE6B0a3c2,1224
0x9349f37807804c0f8fd998f09bfbb197673932ff,1225
0x9F068F78f216195187A6922F8BE0273874CDb05D,1226
0x8ae477193685ce82cba3ef683203869d385b38ac,1227
0x97d3A6b0eB15D1C782371226afe4d53B1D9A9adB,1228
0x735782e73a14d061b651efd2d35242e55e9dfc8d,1229
0xe510579989aa925816b8aa722F40eFA9E2542E7f,1230
0x5C7e302386e6826AE9692Cd4Cf092A6669A85D06,1231
0x233f4125744c939453eb7528f921ccec81a05c82,1232
0x44a0971E5503E1375C1A6aC7415e3406B86e2a21,1233
0x5dbe4ce380270ecefc2d25cd3c60fdff1ac13606,1234
0xF96CBd08d46f3D4A89D8C0C924995179a89273B1,1235
0xe876e37dD17068d352fC71468E6FA8a0970889f2,1236
0x7474a372c2a332779586ce271ed07c76fc59dd53,1237
0x42322540E1B129af2810e34bbDa3D3Cb4951D81E,1238
0x2235c97717e0dc97db2f75a23b437e4e714e1ac9,1239
0x1c7a66c90798715bb8af656fb8628bec6f132e00,1240
0xB0e4Ae0445399232826995Ab35934274e1dac39D,1241
0xd71d5775679c2881d7a0794807fc76d3e58c03d9,1242
0x6530896Fa2E2A496D2b22202e930B7D0f50B75DC,1243
0x7C7C56Ff521c8bB13Ec50b8d1a57771F8C359cE7,1244
0x849Ecaf7DD5a355dc1d6fc16399a8a9d553E36A6,1245
0xe1f79c4e7e25f51fb62725145ee2db4fbe00bc26,1246
0xfea741cd3b1a61b8ed99ac581d128627606dfe8a,1247
0xf4B51B14b9EE30dc37EC970B50a486F37686E2a8,1248
0x2c11e5E9730C138E9385558dc0913678242D2b76,1249
0x03bf02911ef4ad77caa0bf3af570fb4eb29a9d28,1250
0xEe191126446C17e76659e7D5547B1ab6abF52Ec4,1251
0x5ae0998f96ed57a0e4c9232a067f1d1a281fe170,1252
0xd7fe554B1d08D6ee9FaD927C89c9546077462f16,1253
0x8Cd8b2E286b0c7B1E8f503068CBe14a4C898D316,1254
0x3f8189cb36e9c9866e35200b1cff9031e7221f24,1255
0x5C7AAE6E70702b4520b973836C3303DeBE3Ec0bb,1256
0xe471179473603537f3FA3a1a017A9c772660b9Ee,1257
0xebeD19811341B957C0cDa5533405b7698FbcE511,1258
0x03c42204f1B3C42B0851a68FeAbC5C9E333b87FC,1259
0x99803ad615d5a40062cba786793f1fff624c236a,1260
0xcAFbe8C13527a9Ad1c6c2011b51B4A6Eb9473Ba5,1261
0x5bc5c8363dD2e3cb520Cdac3dcc18DC074BAd23F,1262
0xba77779998f8ab7F75b749b815B037087d4a0fC5,1263
0xb62d799890db93971dfb67c567ee9e4c61dec473,1264
0x1c746bdcc86be4bf593723ddb8c0963713d36344,1265
0xA763Ae6d3444713529f1139c08A0a3Fe33041fE4,1266
0xe573d9616f66adc90a5a09b2c1a4ebbe0862c524,1267
0x732c0283711B6391eBBd28eb6e25b48e4Ed59648,1268
0xBc0680Ef91046908972bA422c3E49D70F21F8181,1269
0xBdDA2A510398bfd183a1490d4177492DF09acdcc,1270
0x93f36930f94fbb5afc5fb506d3f7abb9179a4e4e,1271
0x59145A6A234b2c0fbF9e7A40E722ff264318508B,1272
0xB6F871515C7e05CC06C2186f9CBf88FC28a7C0B3,1273
0xe3818381b150bB5B566429986933aFFE2AFf2D8b,1274
0xbb9A59Daa4Ec5706c5Fe620b10471a46a93F8424,1275
0x2b9f424f7A5f13cB236aE1597bBDCf30A9d209B5,1276
0x0cBeFE5713cf4212927d90c72B9fa012D97430E9,1277
0x8DCC7862606c85a0957298329f11F8A9A8d60d30,1278
0xb3be5c5f9D6e2bc93976AbC88ae731370453720C,1279
0x7F363752Dd3a18631273c1733e7a2d1424172BB2,1280
0x1E9574893988149C55632f8F7Bcb22064B750830,1281
0xBC911f23D8C35966aeF4916831cf110dC7477C55,1282
0xc039258f3aFDCbBF32e0A8e7ebD2F4E6Ad63feA2,1283
0x95ad61b0a150d79219dcf64e1e6cc01f0b64c4ce,1284
0xdc8c46ec99d085b21212e358ac8834db8c328b1a,1285
0x95a9bd206ae52c4ba8eecfc93d18eacdd41c88cc,1286
0xbF17c8Df061D899aD4A036089169039E3f9ef51E,1287
0xA4c6fdd60f275654004117019B08d6F116953f02,1288
0xCa1F91D381a483A2336707840f7d3F68859C6352,1289
0x9C37f107DC11735A9b309c78610bDDF1Db0CAB0D,1290
0x75e89d5979e4f6fba9f97c104c2f0afb3f1dcb88,1291
0xeA9E164d5ffF6E4D31067337D49dDbCbDE474cBf,1292
0xd062cbbabf741d7944bbd1c9c8667818ea6fe236,1293
0xc0D9C01a2450e6608b9Efe0587A99Cfcc38a7411,1294
0x34189c75cbb13bdb4f5953cda6c3045cfca84a9e,1295
0x2533e478237bdf19A24208137FA46FD595e8b43b,1296
0xfF1Ec326655007A1C6D19717e336380046eC3739,1297
0xb706aaec02ce2f928e3f343ae912c699b5fe1fff,1298
0x863594784524da91ae8558ef382ce703f38cd92f,1299
0xCFCf28824E7729FE1c2822145eb2c047a87D9188,1300
0x4c59491fe620f41076fdc301382cf1f99e535a57,1301
0xB5751E73040B4F1db1E531F5b9eBd2Be79c0CdA3,1302
0xd52d864175bb8a51b636f08183a345a3c7fb503f,1303
0x95A9bd206aE52C4BA8EecFc93d18EACDd41C88CC,1304
0x9Ef67D1aa4aFA965eB151243E502D35e6A960350,1305
0xA32fCE5AD7611CB226306e7054DC9e0aEC007132,1306
0x5246833f30749aebb981f670f967babf3369a391,1307
0xD6b94B6EABc937d36483E14Fc116074350051643,1308
0x8FB08F0D7C305d79B518e62714a3Ea5D32C20A65,1309
0x9f0deb2e0980a12536471373fd5c341097685369,1310
0xc3D0b8bb05CAaA3DB1cfCee8eB1Bc3f8990Ade16,1311
0x21a31ee1afc51d94c2efccaa2092ad1028285549,1312
0xf26dc18AcC63FF2B700568FFbd5ec66634Ec5829,1313
0xe1030099548a80a4c41f4b771d5d1f2d5a967e36,1314
0x5054A0B697Fdd9b7820B5B54490b0783F46f82d5,1315
0xa63f53a3253a9ebccd5b85b7ec4da5b5cec26fed,1316
0x92e2971b6972dfdd28c7da97b888ceb511a027b4,1317
0xe317ff01e94fc75ed0987406ee1a7d4b42b5f869,1318
0x2Bc812C70dCd634A07Ce4fb9cD9bA4319Fd9898D,1319
0x2f6b0E6a43A749c8F37E1F81A9a1d922076398D8,1320
0x9C20c5D48bd740F2D0F1288E6b6da711366aE9aA,1321
0x1269f45c860d2a4af8d2fae19c9ae1e69b21d70f,1322
0xb5f5e071b8d68ce9b97b74b669850d7254aa6901,1323
0x4664841Ebe8b95B0FaB61f1B6dB6F76e2359B50d,1324
0xab8a0d9d4e516215f9009ae6e43bb083be24b6b0,1325
0xD357C1749362F4e3D4773A6a480C79341BB72362,1326
0x9a76923E1D68136C69059607Ba406e8109B57910,1327
0x58b424203ddaea59b82450345169fdb70d84f8dd,1328
0xa2158566075E0E8CA5FfacF6Ef90581DD33BBfF6,1329
0xFfCaA42D185Fec7a9AD54088A441FeA52bB2832a,1330
0xcfccefcbf9212d04095862da604162ce4d0db15d,1331
0x48c04ed5691981C42154C6167398f95e8f38a7fF,1332
0xe0ded69453c4f0bbc0f0f5aa576d94e13c19087f,1333
0x11ED8787414Beb667F55119E06a1bFa2DA48dDFE,1334
0x991996A99020c75053e8fE812E40204c30a5381D,1335
0x656c029d4f66d92c0371aa7a7153f4d4199ac503,1336
0xEfE7759bBA843bec357f7f52827546c899E062fB,1337
0x8c20b119de3f0dffd1e0015b81a243dce092a3bd,1338
0x97339bcd3facc18c30f30097a36f089d89359e58,1339
0x0DC84C83d329710FF62A4F46Bb765662ea31B772,1340
0x49F23415cCB04F5BCC0ea75b488302eC17D3340E,1341
0x4faa7342f2085d4f369928c9cbf3dcc9c30cd6e6,1342
0xc8dB456b42Ec5caa582FF3F341387153A6dE3d3C,1343
0xa1d8d972560c2f8144af871db508f0b0b10a3fbf,1344
0x5AEF8d560A1b7859f74aAEb793a63Ce09f9a0157,1345
0xCa3Ee8Ddb0EbDe2E394E65D2B263Ccd73D903D46,1346
0x2d78c74ab62f4dae9bdb58e34c46d5ec6c154f3a,1347
0xD9B9A204176B9EB9e7f09C0fEd37306FcA6Df697,1348
0x35b2126d4Ac6A5919f52ffA6061ae93989118120,1349
0xe9eeac21da2c8c3ac026b0123a8b786c0c3ee33c,1350
0xE05D7AEdb121D943d14E035981B0f58Ddfd02cFc,1351
0xc6317aa2e765dd724e52ca608670d61c4c70d711,1352
0x3992dcAab7D1b787b4fb561645fb0b5Bc39De659,1353
0x72dccf39178806760f49a1f1ca1e83ee6d28733f,1354
0x47A3C5B7a4A71226a564759A51D06139D9e14574,1355
0xf3fdc77f4c5af9ef06e9c6dd5775dba70e3fbb27,1356
0x72196E2DC7D745E1a664945D1A424454ef71a586,1357
0xb7f830845e9f385372ae6fb160aa968908f5bfbc,1358
0x2dC0C8f793cA60812a6E47aC69623225C50fea6F,1359
0xdb029379bdCC17c58Bbe3BD40D0A1bC1F9E73C87,1360
0xa8ae6549c66c59aa55d50377948dfbe362d56b03,1361
0xCe89c4AcAb5f69C038f2Ef9B262FeDaE29D70BCF,1362
0xb664bFb172050E0025725869Da0629E1DD7ae0C0,1363
0xC2A204F51473bEbd39Eb2d33D9d414527BA5A280,1364
0x946ee9318f9a768a1e87af6d2ecc7def843a81d8,1365
0x9e3BAc7856C7fbF524570886b1AEA6095d438B13,1366
0x75a4b3ab0441a747199fa86b78596b77802c44da,1367
0xb7f830845E9F385372AE6fB160Aa968908F5BFBC,1368
0x561cf5237329dd87544C334c9E739CB2CA0BF7b2,1369
0xee298c762789e30cd4f717db946bf564d3fa4e2a,1370
0xDF5546d71891565abFDCF7775D50831CE9683467,1371
0x7d00ff5793d278f474f7d73c9aa4cd655d0f372c,1372
0x0e09a47faad6d68844e0cb8af0de2a8bdd157bbd,1373
0xb38F1803fca1bF6E9b0488B6F925C9Db9A993f0C,1374
0x5b015f6a1a12944188caf040a91b82874317d08f,1375
0x49B1D756951D10592864453cc9B357efBBE67EF2,1376
0xdf3cA3da5851dE075e0335fC761E84680Dbf887C,1377
0xaa9a14134f28af5d17b3bcbd1868c319617d692c,1378
0xe8D8a02601f54AcB6fB69537Be1F1D7cC76ccd8C,1379
0x09c8110c6ef93138f83160d6351586974649fc40,1380
0x2E15eABd44330e9127B860b55f811aB844239c4B,1381
0x63dC785176A40a66C8EDecAA18A1Ad9A005eFA20,1382
0x8C82DaD9dc70050E0Dc529882e349a444FdaF0d3,1383
0x629835afd9b95f02b2bc76743f94db2be54b1840,1384
0xb7af0d9d688375b8003a67dec80b6f1c5492dc68,1385
0xa6832784faf93a5e6e8f1dd0eeda8c4f0414a5c5,1386
0x946a44366c87e9b38e58077eda6d53e1ba47e4f0,1387
0x5e5A889e078b32298EC5f289cDb10Feb23898825,1388
0x8E85D0aa306fE72Dd6CF842b406E52Fe4F41DFad,1389
0xc54123dc675c74ac782286307d2965f1e8053f92,1390
0x0d531FF6EAF525EdB8D5d00065d859822aeb4661,1391
0x5283209774cC317ae2d9E71b55111df9a6d6eefC,1392
0x01B791D735C8C3054B8aC5aFe3e32f136B8e799F,1393
0xdd6f5bbe4211e0bca0db2b7f4f0a431fff6a5ab8,1394
0xd045E7D9B38a81A7C9439396E712c4e80aB0dCf3,1395
0x8620f6de15db0f39d41e5985c0390b04e56182e5,1396
0x8620f6De15DB0F39D41e5985C0390B04E56182E5,1397
0x9a8a1cf869202050053fabbc35effb2c0bfce7c4,1398
0xca39528a8fc5956d2475525f35df9a74c745b302,1399
0x01df1419dc94e8b9ae2e0c4313d2d1b00f943f6f,1400
0xda816E2122A8A39b0926Bfa84Edd3D42477E9eFD,1401
0x45b3a7b11c21e42b469cdf1536be622ec53d8cf5,1402
0xBa9A883247414FF90523bABB3333a5822293b308,1403
0x4e12330F932bA3fa25F54ab57B32962C5075DD34,1404
0x2d6d512948c79bcfb1916F1e33383060D32edABD,1405
0x9B97DbFC7f344096EDe2f35eF2c73B0c3d293Cda,1406
0x98Ecea66b166B8abd89324Ba28f23dDABa380eed,1407
0x5c05c33ff9599fadb3846ecb3f37b37cc1348887,1408
0x9A1A0862D48E3A49C7764fbB9542B3768D17ec65,1409
0xc65ce411515d7750df151c806c79b3a67e32fa5d,1410
0xd9c2b87ca1d993fd9d55d2423de052b6c1972f45,1411
