address,from_address,to_address,input,block_timestamp
0x0d8775f648430679a709e98d2b0cb6250d2887ef,0x7b9d79ae15fce40ca98aa2831739cafd2a9801e3,0x0d8775f648430679a709e98d2b0cb6250d2887ef,0xa9059cbb00000000000000000000000028c6c06298d514db089934071355e5743bf21d600000000000000000000000000000000000000000000007d03e9d52047b480000,2021-09-14 10:30:24+00:00
0x0d8775f648430679a709e98d2b0cb6250d2887ef,0x6ad2c2875ba2bbbfbbbfef6b961fd819fd3f57ee,0x0d8775f648430679a709e98d2b0cb6250d2887ef,0xa9059cbb000000000000000000000000e78c9a5650dda2752d180136a9ddd53d79fa3047000000000000000000000000000000000000000000000056b93e87e924481000,2020-05-11 02:18:59+00:00
0x0d8775f648430679a709e98d2b0cb6250d2887ef,0x36c4c33b229c1493c86202af1aaccf6edfc984aa,0x0d8775f648430679a709e98d2b0cb6250d2887ef,0xa9059cbb0000000000000000000000009bc2f223026c252c8ef5f7f33f00f4bee21434b8000000000000000000000000000000000000000000000001d6b69b1ec2621000,2020-05-09 07:18:30+00:00
0x0d8775f648430679a709e98d2b0cb6250d2887ef,0x340d693ed55d7ba167d184ea76ea2fd092a35bdc,0x0d8775f648430679a709e98d2b0cb6250d2887ef,0xa9059cbb0000000000000000000000004669d0d553178053cda544a0c73e7826b471711400000000000000000000000000000000000000000000000596da47d528eb8000,2020-05-08 03:41:41+00:00
0x0d8775f648430679a709e98d2b0cb6250d2887ef,0xf0eea93b47430171b54c6a5b820565844d57c621,0x0d8775f648430679a709e98d2b0cb6250d2887ef,0xa9059cbb0000000000000000000000003a5e5946e484b4f0ea220e3c0a0dfc8932346409000000000000000000000000000000000000000000000014ed39b10c02f82000,2020-06-09 10:54:47+00:00
0x0d8775f648430679a709e98d2b0cb6250d2887ef,0x2dc651f488c597f7ab241a04d2695616ef7e2d9d,0x0d8775f648430679a709e98d2b0cb6250d2887ef,0xa9059cbb000000000000000000000000d51423488f5d2b1f4713d5b3cd75b3de93033c4000000000000000000000000000000000000000000000000168d28e3f00280000,2017-11-01 21:28:15+00:00
0x0d8775f648430679a709e98d2b0cb6250d2887ef,0x3f51a53a64c45263d58efe5e76be947c738fb08e,0x0d8775f648430679a709e98d2b0cb6250d2887ef,0xa9059cbb0000000000000000000000007632a7d8685f6455a0cf16829eb2855bcd08f62d000000000000000000000000000000000000000000000008e2ffd7dbb8591800,2017-11-13 11:39:11+00:00
0x0d8775f648430679a709e98d2b0cb6250d2887ef,0x0fddd6c519baf35173c14ec52dd14ec924ad31d3,0x0d8775f648430679a709e98d2b0cb6250d2887ef,0xa9059cbb000000000000000000000000a629846246ae3ac7df53bae22e15d57deb07a887000000000000000000000000000000000000000000000002d9ab8d4dcf7c1000,2019-03-14 01:01:51+00:00
0x0d8775f648430679a709e98d2b0cb6250d2887ef,0x340d693ed55d7ba167d184ea76ea2fd092a35bdc,0x0d8775f648430679a709e98d2b0cb6250d2887ef,0xa9059cbb00000000000000000000000075ee6e66b265e7d73361f80df6dbe655eb39c2af000000000000000000000000000000000000000000000002b1b9dead98ea0000,2019-11-24 13:41:48+00:00
0x0d8775f648430679a709e98d2b0cb6250d2887ef,0x89d6afae5bd5fab5a316de75bfc768a554aa8bfc,0x0d8775f648430679a709e98d2b0cb6250d2887ef,0xa9059cbb000000000000000000000000885ecc9c31320993e0fe6148cd90f5159db19d3600000000000000000000000000000000000000000000000ad78ebc5ac6200000,2019-04-11 16:20:07+00:00
0x0d8775f648430679a709e98d2b0cb6250d2887ef,0xdd9bb4300d460dad3c426c1ab6be74e6561b09f9,0x0d8775f648430679a709e98d2b0cb6250d2887ef,0xa9059cbb000000000000000000000000885ecc9c31320993e0fe6148cd90f5159db19d3600000000000000000000000000000000000000000000000ad78ebc5ac6200000,2019-03-07 11:40:27+00:00
0x0d8775f648430679a709e98d2b0cb6250d2887ef,0x18fdd0dfb63bde1caae11c2559bb59a50acbed93,0x0d8775f648430679a709e98d2b0cb6250d2887ef,0xa9059cbb000000000000000000000000d8499668ef657d38681061f742172eb817c3329c00000000000000000000000000000000000000000000014542ba12a337c00000,2019-10-29 15:28:06+00:00
0x0d8775f648430679a709e98d2b0cb6250d2887ef,0x9599e6465c875f31eb135c19012485f825dc0b82,0x0d8775f648430679a709e98d2b0cb6250d2887ef,0xa9059cbb00000000000000000000000000194c3ab3bf73d10021e8cf8e004e5c0744f0e20000000000000000000000000000000000000000000000019b11af1540468400,2019-06-12 17:17:02+00:00
0x0d8775f648430679a709e98d2b0cb6250d2887ef,0xd8e5c86f5aef124f6de28a25ec362094cebb92a9,0x0d8775f648430679a709e98d2b0cb6250d2887ef,0xa9059cbb0000000000000000000000000bc2e16affcad57dcc99e47d8c40dd667b55eb8c0000000000000000000000000000000000000000000000015d442ab3f1f43400,2019-04-28 14:10:39+00:00
0x0d8775f648430679a709e98d2b0cb6250d2887ef,0xa8936ae5bac5a59e343dc9f743845463167ad566,0x0d8775f648430679a709e98d2b0cb6250d2887ef,0xa9059cbb0000000000000000000000000d0707963952f2fba59dd06f2b425ace40b492fe00000000000000000000000000000000000000000000000d1e6cb5bcf4111800,2018-04-26 14:14:32+00:00
0x0d8775f648430679a709e98d2b0cb6250d2887ef,0x9d6842d5c2ea0efe19e99a534681961ad7207023,0x0d8775f648430679a709e98d2b0cb6250d2887ef,0xa9059cbb0000000000000000000000001a0f1ec6a9a59e9f1b557545846d2ebc6a9ad2540000000000000000000000000000000000000000000000015af1d78b58c40000,2017-08-08 17:50:04+00:00
0x0d8775f648430679a709e98d2b0cb6250d2887ef,0xbdca2d45d98eece9381abe5a15c8b8006a48f27c,0x0d8775f648430679a709e98d2b0cb6250d2887ef,0x095ea7b300000000000000000000000074622073a4821dbfd046e9aa2ccf691341a076e1f000000000000000000000000000000000000000000000000000000000000000,2019-02-23 12:38:36+00:00
0x0d8775f648430679a709e98d2b0cb6250d2887ef,0xf894ba45f5d8baa975670906e5c99c6fd0e0ae82,0x0d8775f648430679a709e98d2b0cb6250d2887ef,0x095ea7b30000000000000000000000009c808cd59d94a07053658b00ea12d8e9cbbe8304ffffffffffffffffffffffffffffffffffffffffffffffffffffffffffffffff,2018-11-06 23:00:01+00:00
0x0d8775f648430679a709e98d2b0cb6250d2887ef,0xd8671add7aae37eaa21e338487bd93ad6630f959,0x0d8775f648430679a709e98d2b0cb6250d2887ef,0xa9059cbb0000000000000000000000005468a6ea1e8ed00d6a721fb13e45e4816ea12fe8000000000000000000000000000000000000000000000002689bfc77bf9ff800,2020-05-13 22:46:23+00:00
0x0d8775f648430679a709e98d2b0cb6250d2887ef,0x0a2311594059b468c9897338b027c8782398b481,0x0d8775f648430679a709e98d2b0cb6250d2887ef,0xa9059cbb000000000000000000000000542600d5086f8abd59be06e0851b43936cba91c00000000000000000000000000000000000000000000000086c6440639b970000,2019-11-17 09:02:20+00:00
0x0d8775f648430679a709e98d2b0cb6250d2887ef,0xd98e6f7f0adbe1e04e19555f54912429d7b29774,0x0d8775f648430679a709e98d2b0cb6250d2887ef,0xa9059cbb0000000000000000000000008c331baa8f8b52587d769f52e919ae9e38dd27f800000000000000000000000000000000000000000000005197bd01e8b89dea7e,2020-03-11 16:36:51+00:00
0x0d8775f648430679a709e98d2b0cb6250d2887ef,0xdf8799603d16326c1e2c9c8b796560b6da00091d,0x0d8775f648430679a709e98d2b0cb6250d2887ef,0xa9059cbb000000000000000000000000d5ac5284494c2b832baf19a8fc90f837bb83ee9a00000000000000000000000000000000000000000000000bd24427f98fd99400,2020-04-26 19:19:39+00:00
0x0d8775f648430679a709e98d2b0cb6250d2887ef,0xbbc3e1b164ec37ff4dd441f0bb0c8a2a5828bd36,0x0d8775f648430679a709e98d2b0cb6250d2887ef,0xa9059cbb00000000000000000000000096532e4016754f7f52ee62376eec11d38be514de000000000000000000000000000000000000000000000001784ad1427b0d2c00,2019-05-22 06:41:02+00:00
0x0d8775f648430679a709e98d2b0cb6250d2887ef,0x14793d9d52608bce9174ec7bbcabf949fd110007,0x0d8775f648430679a709e98d2b0cb6250d2887ef,0xa9059cbb000000000000000000000000f3c29eebd3d023407db5753dcececdbb045bbfd5000000000000000000000000000000000000000000000000ff1af0a28c945400,2019-07-03 08:32:40+00:00
0x0d8775f648430679a709e98d2b0cb6250d2887ef,0xfbb1b73c4f0bda4f67dca266ce6ef42f520fbb98,0x0d8775f648430679a709e98d2b0cb6250d2887ef,0xa9059cbb0000000000000000000000009e6eb194e26649b1f17e5bafbcabe26b5db433e20000000000000000000000000000000000000000000000bfcf21daabcbc76c00,2017-09-08 23:50:36+00:00
0x0d8775f648430679a709e98d2b0cb6250d2887ef,0xbe6db8eb38921225cc403decd531e5d48848c09d,0x0d8775f648430679a709e98d2b0cb6250d2887ef,0xa9059cbb000000000000000000000000885ecc9c31320993e0fe6148cd90f5159db19d3600000000000000000000000000000000000000000000000ad78ebc5ac6200000,2019-02-27 13:40:22+00:00
0x0d8775f648430679a709e98d2b0cb6250d2887ef,0x340d693ed55d7ba167d184ea76ea2fd092a35bdc,0x0d8775f648430679a709e98d2b0cb6250d2887ef,0xa9059cbb000000000000000000000000368d173973f1d0aa3a5ff4f524ed5a33794c40f30000000000000000000000000000000000000000000000000ff59ee833b30000,2019-12-06 20:05:49+00:00
0x0d8775f648430679a709e98d2b0cb6250d2887ef,0xfb90501083a3b6af766c8da35d3dde01eb0d2a68,0x0d8775f648430679a709e98d2b0cb6250d2887ef,0xa9059cbb00000000000000000000000011546a14796752dba7cbc0dc3f709dfcef9b1efe00000000000000000000000000000000000000000000000c73856586b412c000,2020-10-06 08:24:15+00:00
0x0d8775f648430679a709e98d2b0cb6250d2887ef,0x1a1c87d9a6f55d3bbb064bff1059ad37b6bdc097,0x0d8775f648430679a709e98d2b0cb6250d2887ef,0x23b872dd000000000000000000000000e099aa63d319e3a51ac783ee4c28df35417cc9f700000000000000000000000095b564f3b3bae3f206aa418667ba000afafacc8a0000000000000000000000000000000000000000000019d57a5a733fe1892800,2020-08-16 11:28:16+00:00
0x0d8775f648430679a709e98d2b0cb6250d2887ef,0xbb5dc8b678cd40a201aa39e3ebf19266c5b03062,0x0d8775f648430679a709e98d2b0cb6250d2887ef,0xa9059cbb0000000000000000000000007381d09a8bde146c2472500203fd924fac0669a9000000000000000000000000000000000000000000000015af1d78b58c400000,2020-04-09 15:59:15+00:00
0x0d8775f648430679a709e98d2b0cb6250d2887ef,0x6c85ccf0bccc6d23f71b4d6ab417e971f30fd21a,0x0d8775f648430679a709e98d2b0cb6250d2887ef,0xa9059cbb0000000000000000000000001d1fbdc767fe7164684a8d818ba0232598a05dcf000000000000000000000000000000000000000000000022a8a993d0ab780800,2019-07-24 21:42:10+00:00
0x0d8775f648430679a709e98d2b0cb6250d2887ef,0x340d693ed55d7ba167d184ea76ea2fd092a35bdc,0x0d8775f648430679a709e98d2b0cb6250d2887ef,0xa9059cbb00000000000000000000000076f665fa6fa6a00bd3b4cce2f6aec7e631de65dd000000000000000000000000000000000000000000000027538d9dd3436c0dbe,2020-02-09 13:17:15+00:00
0x0d8775f648430679a709e98d2b0cb6250d2887ef,0x340d693ed55d7ba167d184ea76ea2fd092a35bdc,0x0d8775f648430679a709e98d2b0cb6250d2887ef,0xa9059cbb0000000000000000000000004c350c8d4270920183aea9ddf349a9c24528e96400000000000000000000000000000000000000000000000369263c4633432a6a,2019-11-10 22:42:23+00:00
0x0d8775f648430679a709e98d2b0cb6250d2887ef,0x340d693ed55d7ba167d184ea76ea2fd092a35bdc,0x0d8775f648430679a709e98d2b0cb6250d2887ef,0xa9059cbb0000000000000000000000000647d66c9986d014f94e07ddd93cd4c2fa22a5c70000000000000000000000000000000000000000000000013ef09b9dadd18000,2020-08-10 14:20:23+00:00
0x0d8775f648430679a709e98d2b0cb6250d2887ef,0x05ddf197625268d782e2839ac36eca29efc90d1b,0x0d8775f648430679a709e98d2b0cb6250d2887ef,0xa9059cbb0000000000000000000000006075aea43c97a85111b3cde694567080189495e7000000000000000000000000000000000000000000000004cdf600db96143800,2018-07-28 16:50:43+00:00
0x0d8775f648430679a709e98d2b0cb6250d2887ef,0xd064a5c2ced167436c94cb19bf3f2bd7c0024472,0x0d8775f648430679a709e98d2b0cb6250d2887ef,0xa9059cbb00000000000000000000000059f7eac3f189ef56985ec1fa5572c6ddf132dfcb0000000000000000000000000000000000000000000000763019a6d51078e000,2020-03-28 22:21:16+00:00
0x0d8775f648430679a709e98d2b0cb6250d2887ef,0x3ed3487ec330f4ff0793b7abab9dd0da040851a0,0x0d8775f648430679a709e98d2b0cb6250d2887ef,0xa9059cbb00000000000000000000000034ebb9092b9fc46c7c0b285ec89b9811e8d6a1f10000000000000000000000000000000000000000000000a44f932912e0fc0000,2020-03-03 13:44:24+00:00
0x0d8775f648430679a709e98d2b0cb6250d2887ef,0x5ba9e34a2692d44e34ef40d9b3b48da7c6438e8f,0x0d8775f648430679a709e98d2b0cb6250d2887ef,0xa9059cbb000000000000000000000000ee17728b034667c53d0efb8867a957848e52245000000000000000000000000000000000000000000000001d71cac8fb1c90bc00,2019-01-15 20:58:49+00:00
0x0d8775f648430679a709e98d2b0cb6250d2887ef,0xfbb1b73c4f0bda4f67dca266ce6ef42f520fbb98,0x0d8775f648430679a709e98d2b0cb6250d2887ef,0xa9059cbb0000000000000000000000007e544382aec89f3eb2d7cf9b51aaac85a7817ef400000000000000000000000000000000000000000000021798679e91cb9f0000,2017-09-10 16:30:49+00:00
0x0d8775f648430679a709e98d2b0cb6250d2887ef,0x0c649b476861aa3cbd8fc91e9de1d4d23fd9eeb8,0x0d8775f648430679a709e98d2b0cb6250d2887ef,0xa9059cbb0000000000000000000000009d76f71f86da6927ad84724c3f4ef9c39d1421d80000000000000000000000000000000000000000000000b53f7372b2b49d9800,2017-12-01 11:19:41+00:00
0x0d8775f648430679a709e98d2b0cb6250d2887ef,0xf7f4102fe9bc6c0bc1a71652014293736ee2da7d,0x0d8775f648430679a709e98d2b0cb6250d2887ef,0xa9059cbb000000000000000000000000e14f80ca56927ee4b59daebbe74e61275a4811ee0000000000000000000000000000000000000000000000d777ac7d7d06d10400,2020-06-30 23:17:40+00:00
0x0d8775f648430679a709e98d2b0cb6250d2887ef,0x340d693ed55d7ba167d184ea76ea2fd092a35bdc,0x0d8775f648430679a709e98d2b0cb6250d2887ef,0xa9059cbb0000000000000000000000009c4aa8a48e8083835338c9635074b101b19b0643000000000000000000000000000000000000000000000003708baed3d6890000,2019-11-10 19:54:10+00:00
0x0d8775f648430679a709e98d2b0cb6250d2887ef,0x253f30cd2b199d3209bc633e6f4cc9444cc62b64,0x0d8775f648430679a709e98d2b0cb6250d2887ef,0xa9059cbb0000000000000000000000009f363e48cd7c184800e864f8f0d2825332a5b1a80000000000000000000000000000000000000000000000004563918244f40000,2018-03-22 19:05:52+00:00
0x0d8775f648430679a709e98d2b0cb6250d2887ef,0xb41d95f475f9b6d907dcacd39d593d5c83b9626e,0x0d8775f648430679a709e98d2b0cb6250d2887ef,0xa9059cbb0000000000000000000000008c76365c41e0bf195a3fef6c302b544cae0572810000000000000000000000000000000000000000000000878678326eac900000,2018-12-23 22:32:33+00:00
0x0d8775f648430679a709e98d2b0cb6250d2887ef,0xacf2275beae7cdc67ad447b738d44394f6b33d66,0x0d8775f648430679a709e98d2b0cb6250d2887ef,0xa9059cbb0000000000000000000000000c50fb75fb55332d8fbad23e8f7d8dc35e1a7c8100000000000000000000000000000000000000000000000001d36e37c9192000,2019-04-26 20:15:05+00:00
0x0d8775f648430679a709e98d2b0cb6250d2887ef,0x7a216bd01bf9e5314a0be2087d03cecc56de6189,0x0d8775f648430679a709e98d2b0cb6250d2887ef,0xa9059cbb0000000000000000000000003f5ce5fbfe3e9af3971dd833d26ba9b5c936f0be000000000000000000000000000000000000000000000042adadd32e42780000,2020-02-02 15:26:59+00:00
0x0d8775f648430679a709e98d2b0cb6250d2887ef,0x885ecc9c31320993e0fe6148cd90f5159db19d36,0x0d8775f648430679a709e98d2b0cb6250d2887ef,0xa9059cbb000000000000000000000000e55d61a4c1598a4f73a3654f4636f40dbc39a67b0000000000000000000000000000000000000000000000056bc75e2d63100000,2019-03-10 01:51:47+00:00
0x0d8775f648430679a709e98d2b0cb6250d2887ef,0xd246d7ae89b12562a8f0d152d696650b6e9b47a0,0x0d8775f648430679a709e98d2b0cb6250d2887ef,0xa9059cbb000000000000000000000000e5c23daa6480e45141647e5aeb321832150a28d400000000000000000000000000000000000000000000000011bc5e3a96f3001a,2020-01-23 02:33:34+00:00
0x0d8775f648430679a709e98d2b0cb6250d2887ef,0xe12bb5f33eea62111f6cabbbb037582c159120d0,0x0d8775f648430679a709e98d2b0cb6250d2887ef,0xa9059cbb00000000000000000000000073295d3c0ca46113ca226222c81c79adabf9f3910000000000000000000000000000000000000000000000160c874923cb051400,2017-12-11 03:29:09+00:00
0x0d8775f648430679a709e98d2b0cb6250d2887ef,0x176891eb35353f91256dca1a4198063785304b78,0x0d8775f648430679a709e98d2b0cb6250d2887ef,0xa9059cbb00000000000000000000000023a3f9231ebbf4c184213d03454ee989b3be9a6e0000000000000000000000000000000000000000000000025dd0d8ae03b01c00,2020-04-02 21:18:36+00:00
0x0d8775f648430679a709e98d2b0cb6250d2887ef,0xe7a276a27332b2b4fcb667ffb99979fe30d1a708,0x0d8775f648430679a709e98d2b0cb6250d2887ef,0xa9059cbb000000000000000000000000e5272f86f4f009b7a5b841cb48dad265c3a73861000000000000000000000000000000000000000000000005efde2dee4f684400,2020-10-23 21:01:26+00:00
0x0d8775f648430679a709e98d2b0cb6250d2887ef,0x340d693ed55d7ba167d184ea76ea2fd092a35bdc,0x0d8775f648430679a709e98d2b0cb6250d2887ef,0xa9059cbb000000000000000000000000e4adc652f2884adf6ad2d05aa3d8937017b3e55f000000000000000000000000000000000000000000000007ac669f09348b0000,2019-04-09 16:51:28+00:00
0x0d8775f648430679a709e98d2b0cb6250d2887ef,0x6c858d99bef2e09231464133a894253f6460e378,0x0d8775f648430679a709e98d2b0cb6250d2887ef,0xa9059cbb000000000000000000000000adb2b42f6bd96f5c65920b9ac88619dce4166f940000000000000000000000000000000000000000000000058788cb94b1d80000,2020-06-05 05:25:01+00:00
0x0d8775f648430679a709e98d2b0cb6250d2887ef,0x68be0eb55137146affa5ebd3e5ebe26371328a94,0x0d8775f648430679a709e98d2b0cb6250d2887ef,0xa9059cbb000000000000000000000000e3d14c4bc09025bf4010d1cf884435da6a582ec400000000000000000000000000000000000000000000000053444835ec580000,2020-03-04 09:42:43+00:00
0x0d8775f648430679a709e98d2b0cb6250d2887ef,0xd8281cbcb9e7d450ad16ed6fb1f81066ae2c2f62,0x0d8775f648430679a709e98d2b0cb6250d2887ef,0xa9059cbb0000000000000000000000008fe58683bdaa365b5c22cb3fcf5cc023258a34c600000000000000000000000000000000000000000000000005ee1cb561aa8800,2019-11-06 12:31:30+00:00
0x0d8775f648430679a709e98d2b0cb6250d2887ef,0x40120b5a5994f7e3afe3c0a3dc56d1ccb0b75262,0x0d8775f648430679a709e98d2b0cb6250d2887ef,0xa9059cbb0000000000000000000000003f5ce5fbfe3e9af3971dd833d26ba9b5c936f0be00000000000000000000000000000000000000000000046ea172bc226574ac00,2018-12-02 01:57:09+00:00
0x0d8775f648430679a709e98d2b0cb6250d2887ef,0xa234627898e26823816fd4790bde547d05297d83,0x0d8775f648430679a709e98d2b0cb6250d2887ef,0xa9059cbb0000000000000000000000001b6c1a0e20af81b922cb454c3e52408496ee720100000000000000000000000000000000000000000000000168d28e3f00280000,2019-05-19 23:32:17+00:00
0x0d8775f648430679a709e98d2b0cb6250d2887ef,0x340d693ed55d7ba167d184ea76ea2fd092a35bdc,0x0d8775f648430679a709e98d2b0cb6250d2887ef,0xa9059cbb00000000000000000000000061f2a491d17b6d5396c59539258f03822e300b5b00000000000000000000000000000000000000000000002b05bba49115213677,2020-06-10 10:03:20+00:00
0x0d8775f648430679a709e98d2b0cb6250d2887ef,0xfbb1b73c4f0bda4f67dca266ce6ef42f520fbb98,0x0d8775f648430679a709e98d2b0cb6250d2887ef,0xa9059cbb000000000000000000000000676dfd3b2f3ae63a5e32bfe3a961d41477f696f600000000000000000000000000000000000000000000001ffc4e177dd8061800,2017-11-07 13:03:14+00:00
0x0d8775f648430679a709e98d2b0cb6250d2887ef,0x6e26035847060754693884877e5e87469d2bb87b,0x0d8775f648430679a709e98d2b0cb6250d2887ef,0xa9059cbb000000000000000000000000f191015942447219f9d8907deed5fc6a828029600000000000000000000000000000000000000000000000d8d726b7177a800000,2020-06-03 19:31:02+00:00
0x0d8775f648430679a709e98d2b0cb6250d2887ef,0x1dcafa87d005ed8d87d9c27b1160371e2eb06298,0x0d8775f648430679a709e98d2b0cb6250d2887ef,0xa9059cbb0000000000000000000000003cd751e6b0078be393132286c442345e5dc49699000000000000000000000000000000000000000000000006704443f6c0f72000,2021-08-24 14:44:45+00:00
0x0d8775f648430679a709e98d2b0cb6250d2887ef,0x340d693ed55d7ba167d184ea76ea2fd092a35bdc,0x0d8775f648430679a709e98d2b0cb6250d2887ef,0xa9059cbb0000000000000000000000002b626e938a5dd110a53c7ffb0d740cf2a566657a000000000000000000000000000000000000000000000000209ce08c962b0064,2020-06-07 20:37:22+00:00
0x0d8775f648430679a709e98d2b0cb6250d2887ef,0x340d693ed55d7ba167d184ea76ea2fd092a35bdc,0x0d8775f648430679a709e98d2b0cb6250d2887ef,0xa9059cbb000000000000000000000000395e8bfc9b76d733499111ddabdedb63146a821d000000000000000000000000000000000000000000000000f17937cf93cbfc18,2020-06-07 02:48:06+00:00
0x0d8775f648430679a709e98d2b0cb6250d2887ef,0x340d693ed55d7ba167d184ea76ea2fd092a35bdc,0x0d8775f648430679a709e98d2b0cb6250d2887ef,0xa9059cbb000000000000000000000000a44d3bbdd1ffeff9471b250fae74b29c1659f2260000000000000000000000000000000000000000000000004c53ecdc18a60000,2020-06-23 14:26:43+00:00
0x0d8775f648430679a709e98d2b0cb6250d2887ef,0x340d693ed55d7ba167d184ea76ea2fd092a35bdc,0x0d8775f648430679a709e98d2b0cb6250d2887ef,0xa9059cbb00000000000000000000000090cf0f9eb3215150f249f1005dc1cd88d3e3605a0000000000000000000000000000000000000000000002fc8d9e2d3deb1f5f06,2020-03-09 08:41:56+00:00
0x0d8775f648430679a709e98d2b0cb6250d2887ef,0x4fefc6c2f6fafeec27a34cf07c447d21d9dd203f,0x0d8775f648430679a709e98d2b0cb6250d2887ef,0xa9059cbb0000000000000000000000007d596660e702e97c48950e0f939fa83d7fe3caba000000000000000000000000000000000000000000000003830d51e0a065c000,2019-09-26 18:43:52+00:00
0x0d8775f648430679a709e98d2b0cb6250d2887ef,0x340d693ed55d7ba167d184ea76ea2fd092a35bdc,0x0d8775f648430679a709e98d2b0cb6250d2887ef,0xa9059cbb000000000000000000000000699352e27356ed7cf5d8285d7826aabe4042d6910000000000000000000000000000000000000000000000007ce66c50e2840000,2020-01-02 06:32:10+00:00
0x0d8775f648430679a709e98d2b0cb6250d2887ef,0x340d693ed55d7ba167d184ea76ea2fd092a35bdc,0x0d8775f648430679a709e98d2b0cb6250d2887ef,0xa9059cbb00000000000000000000000000b13bf81760ec1a3774dd3ac4d4984a0de02cfa0000000000000000000000000000000000000000000000004f8d65f42635e000,2020-08-06 21:19:13+00:00
0x0d8775f648430679a709e98d2b0cb6250d2887ef,0x340d693ed55d7ba167d184ea76ea2fd092a35bdc,0x0d8775f648430679a709e98d2b0cb6250d2887ef,0xa9059cbb0000000000000000000000009ad55b515b960cc476062d395c0f39b6628e414600000000000000000000000000000000000000000000000076532ed23a622000,2020-08-09 20:08:24+00:00
0x0d8775f648430679a709e98d2b0cb6250d2887ef,0x699352e27356ed7cf5d8285d7826aabe4042d691,0x0d8775f648430679a709e98d2b0cb6250d2887ef,0xa9059cbb0000000000000000000000003f5ce5fbfe3e9af3971dd833d26ba9b5c936f0be00000000000000000000000000000000000000000000003696eeacaf725c0000,2019-11-06 09:17:28+00:00
0x0d8775f648430679a709e98d2b0cb6250d2887ef,0xfbb1b73c4f0bda4f67dca266ce6ef42f520fbb98,0x0d8775f648430679a709e98d2b0cb6250d2887ef,0xa9059cbb00000000000000000000000094fe3ad91dacba8ec4b82f56ff7c122181f1535d00000000000000000000000000000000000000000000000660bd4838f73c5400,2019-04-05 21:47:23+00:00
0x0d8775f648430679a709e98d2b0cb6250d2887ef,0x340d693ed55d7ba167d184ea76ea2fd092a35bdc,0x0d8775f648430679a709e98d2b0cb6250d2887ef,0xa9059cbb000000000000000000000000ea4cdd649bc75a6f12eae7dc7a2387d21e332acf0000000000000000000000000000000000000000000000015af1d78b58c40000,2019-09-12 22:48:49+00:00
0x0d8775f648430679a709e98d2b0cb6250d2887ef,0x73295d3c0ca46113ca226222c81c79adabf9f391,0x0d8775f648430679a709e98d2b0cb6250d2887ef,0xa9059cbb00000000000000000000000024fbf4a7fee02b48d82bf9f732e1ae2f564ec5d00000000000000000000000000000000000000000000000075c9d37df10dda400,2018-08-13 10:19:03+00:00
0x0d8775f648430679a709e98d2b0cb6250d2887ef,0x4283ccf8cab95c78728b36b52ddbaba1fef2ab98,0x0d8775f648430679a709e98d2b0cb6250d2887ef,0xa9059cbb0000000000000000000000009912500681f66aef23d0eb1755022a867e3c219500000000000000000000000000000000000000000000000167ff464025994800,2019-04-28 00:59:39+00:00
0x0d8775f648430679a709e98d2b0cb6250d2887ef,0xf0112b8bf645cfd6c624d6b682a1cd0d06e26bab,0x0d8775f648430679a709e98d2b0cb6250d2887ef,0xa9059cbb0000000000000000000000007e9d3d50f397eea0e55e6021a7458653c41934560000000000000000000000000000000000000000000000004563918244f40000,2020-07-24 13:19:06+00:00
0x0d8775f648430679a709e98d2b0cb6250d2887ef,0xfbb1b73c4f0bda4f67dca266ce6ef42f520fbb98,0x0d8775f648430679a709e98d2b0cb6250d2887ef,0xa9059cbb000000000000000000000000af6e60ecce9ada391290c8504802fa27949f5d880000000000000000000000000000000000000000000000000a8c0ff92d4c0000,2017-08-07 05:36:52+00:00
0x0d8775f648430679a709e98d2b0cb6250d2887ef,0x002e1798bff1ea5bcd703133eb61706070080c19,0x0d8775f648430679a709e98d2b0cb6250d2887ef,0xa9059cbb000000000000000000000000f60c2ea62edbfe808163751dd0d8693dcb30019c000000000000000000000000000000000000000000000b19254acfd29cfd7000,2021-09-15 03:29:34+00:00
0x0d8775f648430679a709e98d2b0cb6250d2887ef,0x29728d0efd284d85187362faa2d4d76c2cfc2612,0x0d8775f648430679a709e98d2b0cb6250d2887ef,0xa9059cbb0000000000000000000000004b8a339be06ff31752a806995b72e76e93dd91060000000000000000000000000000000000000000000003874abaa8614998c000,2020-05-25 15:37:15+00:00
0x0d8775f648430679a709e98d2b0cb6250d2887ef,0x73295d3c0ca46113ca226222c81c79adabf9f391,0x0d8775f648430679a709e98d2b0cb6250d2887ef,0xa9059cbb000000000000000000000000b6fb49b130afb83e3aefcb369debe1f47f0a60ba00000000000000000000000000000000000000000000000df9d11ed8bb021800,2017-10-01 09:50:31+00:00
0x0d8775f648430679a709e98d2b0cb6250d2887ef,0x73295d3c0ca46113ca226222c81c79adabf9f391,0x0d8775f648430679a709e98d2b0cb6250d2887ef,0xa9059cbb00000000000000000000000093b75fa013711808b227c963caf1e60d537a2b78000000000000000000000000000000000000000000000023e07499f0891a4000,2017-10-13 22:24:54+00:00
0x0d8775f648430679a709e98d2b0cb6250d2887ef,0x9255a06aa8fa14082eed4c262013c15660eef24c,0x0d8775f648430679a709e98d2b0cb6250d2887ef,0xa9059cbb0000000000000000000000003f5ce5fbfe3e9af3971dd833d26ba9b5c936f0be000000000000000000000000000000000000000000000151f8985cc531de3000,2018-11-22 16:27:05+00:00
0x0d8775f648430679a709e98d2b0cb6250d2887ef,0xbc2562d64e41c7a89d2bb8cc312cce6111753ff3,0x0d8775f648430679a709e98d2b0cb6250d2887ef,0xa9059cbb00000000000000000000000009dac594e8d9510c32dda582f5f51e6dd1c11082000000000000000000000000000000000000000000000010424192af14504800,2018-12-15 05:30:11+00:00
0x0d8775f648430679a709e98d2b0cb6250d2887ef,0x447234be70da9b51064e87ee494777cf5aebca03,0x0d8775f648430679a709e98d2b0cb6250d2887ef,0xa9059cbb00000000000000000000000009725a03a8fdd2d6dfbc77f74b9301cedee6ce9a000000000000000000000000000000000000000000000002378e91fc88258800,2019-09-10 02:25:16+00:00
0x0d8775f648430679a709e98d2b0cb6250d2887ef,0x340d693ed55d7ba167d184ea76ea2fd092a35bdc,0x0d8775f648430679a709e98d2b0cb6250d2887ef,0xa9059cbb0000000000000000000000008772e1dcea8a129a360c3addfa6baa19337630180000000000000000000000000000000000000000000000000429d069189e0000,2020-05-12 05:09:33+00:00
0x0d8775f648430679a709e98d2b0cb6250d2887ef,0xfbb1b73c4f0bda4f67dca266ce6ef42f520fbb98,0x0d8775f648430679a709e98d2b0cb6250d2887ef,0xa9059cbb000000000000000000000000ac3087cd4faafbad9f58fbd49fbb7752d81dc9e8000000000000000000000000000000000000000000000002629f66e0c5300000,2017-11-13 12:21:41+00:00
0x0d8775f648430679a709e98d2b0cb6250d2887ef,0x9988e1340481f1a8b33493ba2d0f531e90d040c4,0x0d8775f648430679a709e98d2b0cb6250d2887ef,0xa9059cbb00000000000000000000000007f0eb0c571b6cfd90d17b5de2cc51112fb9591500000000000000000000000000000000000000000000001cbb5dc6e2fcc90000,2019-06-29 01:26:17+00:00
0x0d8775f648430679a709e98d2b0cb6250d2887ef,0x42c3cd223fb670bdb9f7414df4982463b353e823,0x0d8775f648430679a709e98d2b0cb6250d2887ef,0xa9059cbb0000000000000000000000003f5ce5fbfe3e9af3971dd833d26ba9b5c936f0be00000000000000000000000000000000000000000000078ef9c20d1538f80000,2021-01-08 07:30:04+00:00
0x0d8775f648430679a709e98d2b0cb6250d2887ef,0x5b7280246ffccdd13bebd96ac1933e175d5a5e4b,0x0d8775f648430679a709e98d2b0cb6250d2887ef,0xa9059cbb000000000000000000000000bd5ee05ec7f850c194ae09dfe0ce4ddf9981cc87000000000000000000000000000000000000000000000003668f3f8876503c00,2020-06-07 06:40:43+00:00
0x0d8775f648430679a709e98d2b0cb6250d2887ef,0x340d693ed55d7ba167d184ea76ea2fd092a35bdc,0x0d8775f648430679a709e98d2b0cb6250d2887ef,0xa9059cbb000000000000000000000000fe78dd53bde673fd930d8ccd0a4f403e6af7d83a00000000000000000000000000000000000000000000000268de1f7e6a1d0000,2020-02-06 18:16:21+00:00
0x0d8775f648430679a709e98d2b0cb6250d2887ef,0x29d5527caa78f1946a409fa6acaf14a0a4a0274b,0x0d8775f648430679a709e98d2b0cb6250d2887ef,0xa9059cbb0000000000000000000000002aeeb70a1e957b89d59c5cbfd360bd816850c4f5000000000000000000000000000000000000000000000cb49b44ba602d800000,2019-02-26 13:54:20+00:00
0x0d8775f648430679a709e98d2b0cb6250d2887ef,0x340d693ed55d7ba167d184ea76ea2fd092a35bdc,0x0d8775f648430679a709e98d2b0cb6250d2887ef,0xa9059cbb0000000000000000000000008121fa2a08f461eb5cfe3b3574719439bed90367000000000000000000000000000000000000000000000002851bf766dcedc000,2020-10-06 09:19:29+00:00
0x0d8775f648430679a709e98d2b0cb6250d2887ef,0x4e7cc4fa6d9e4d4100ce3fb0744d7c19a4d3cca9,0x0d8775f648430679a709e98d2b0cb6250d2887ef,0xa9059cbb000000000000000000000000efc7d4d27972c5cb05b1ca275be2777271aa30cb000000000000000000000000000000000000000000000004d92c621dc2772800,2019-06-12 09:46:42+00:00
0x0d8775f648430679a709e98d2b0cb6250d2887ef,0x29728d0efd284d85187362faa2d4d76c2cfc2612,0x0d8775f648430679a709e98d2b0cb6250d2887ef,0xa9059cbb0000000000000000000000006924a03bb710eaf199ab6ac9f2bb148215ae9b5d00000000000000000000000000000000000000000000006c341080bd1fb00000,2020-06-10 18:53:25+00:00
0x0d8775f648430679a709e98d2b0cb6250d2887ef,0x36e6e9e4da1c201bf9f4246be0c27752b7a763c3,0x0d8775f648430679a709e98d2b0cb6250d2887ef,0xa9059cbb00000000000000000000000065ed7968452629413d5609e03e5fd8c72723089e00000000000000000000000000000000000000000000001af7822ec3f7cf8400,2021-01-17 17:04:07+00:00
0x0d8775f648430679a709e98d2b0cb6250d2887ef,0x340d693ed55d7ba167d184ea76ea2fd092a35bdc,0x0d8775f648430679a709e98d2b0cb6250d2887ef,0xa9059cbb000000000000000000000000e45092efa2b82c399b80db94075506f27fbcba9f000000000000000000000000000000000000000000000003ed4e9432494c2328,2020-07-10 04:21:59+00:00
0x0d8775f648430679a709e98d2b0cb6250d2887ef,0xfbb1b73c4f0bda4f67dca266ce6ef42f520fbb98,0x0d8775f648430679a709e98d2b0cb6250d2887ef,0xa9059cbb00000000000000000000000003f24f306c779e36d3755fb252aae85ce195c37c000000000000000000000000000000000000000000000004bdf47837036d1000,2017-09-19 01:10:17+00:00
0x0d8775f648430679a709e98d2b0cb6250d2887ef,0x1c7a6b2a41b60544d0b191703e842f8a23ef0e02,0x0d8775f648430679a709e98d2b0cb6250d2887ef,0xa9059cbb000000000000000000000000a8df07a7736822f76d525e4047055383202713f300000000000000000000000000000000000000000000005c283d410394100000,2020-05-10 02:27:44+00:00
0x0d8775f648430679a709e98d2b0cb6250d2887ef,0x73295d3c0ca46113ca226222c81c79adabf9f391,0x0d8775f648430679a709e98d2b0cb6250d2887ef,0xa9059cbb0000000000000000000000006ed3196d1df79b4366384dc9b775c85c2c7e03510000000000000000000000000000000000000000000000115d35b493f9d4b800,2017-09-07 23:01:34+00:00
0x0d8775f648430679a709e98d2b0cb6250d2887ef,0x340d693ed55d7ba167d184ea76ea2fd092a35bdc,0x0d8775f648430679a709e98d2b0cb6250d2887ef,0xa9059cbb000000000000000000000000df576e6c99c8ee51262794d95c8eb1d45288e26d000000000000000000000000000000000000000000000016c463faf39f998000,2020-04-09 09:50:32+00:00
0x0d8775f648430679a709e98d2b0cb6250d2887ef,0xb65b3a982a2b65d56e7f84ad9ab5d24a0ccdcad6,0x0d8775f648430679a709e98d2b0cb6250d2887ef,0xa9059cbb00000000000000000000000033b8c91c074d5a49b064d40e86b77a34d124d58d000000000000000000000000000000000000000000000000a5100e3371bfdc00,2019-03-09 15:45:11+00:00
