address,hash,from_address,to_address,input,block_timestamp
1,0x7504059a6d07cd32a024176347acc429057242b2151527c47d6ec389ebbe6d50,2,3,0xa9059cbb00000000000000000000000068b22215ff74e3606bd5e6c1de8c2d68180c85f7000000000000000000000000000000000000000000000000000000001fefe7aa,2021-09-21 15:03:18+00:00
1,0x627fcc2690ac497065585eda0d899f0b781a487fde29033714074edb841f6844,4,5,0xa9059cbb0000000000000000000000007dfb79c0883ce101e1549880cb33ecf2c0d9dc080000000000000000000000000000000000000000000000000000000001406f40,2021-08-23 05:42:50+00:00
1,0x21497404c3d1da7087c3f2720f5b5e3be7a39311346022b729e13e4e1de25b70,6,7,0xa9059cbb0000000000000000000000002714c827177b96d801ea3bc8d67eff01dcac10800000000000000000000000000000000000000000000000000000000736d99440,2021-10-03 17:45:31+00:00
1,0x9660605956e62d7d23c8003e02335b3df44540de7dc8f86464a97d1b4d381d85,8,9,0xa9059cbb000000000000000000000000e59cd29be3be4461d79c0881d238cbe87d64595a000000000000000000000000000000000000000000000000000000000c623227,2021-09-17 21:07:58+00:00
1,0x51d7c5a073d6556efa15a64693a4b1640863a850c431e0a797322bb3d6bf8ef7,10,11,0xa9059cbb000000000000000000000000a6e20443eebb3808003b2e4b395e029d5e643448000000000000000000000000000000000000000000000000000000000caa7e20,2021-10-08 21:27:45+00:00
1,0x20270c6ff2a492daebee9d9adc3c2678da65cc539b7cab2879d1db6385c6b095,12,13,0xa9059cbb000000000000000000000000d38018336a4c8490595f64fa5dd3703b162d2d160000000000000000000000000000000000000000000000000000000001343a40,2021-09-05 19:46:42+00:00
1,0x4b0d62614216c4802cc9f9b5314f7824e4fc8026ecf7fa33e73115b87fb4874e,14,15,0xa9059cbb00000000000000000000000044b42a7001b1023b6bdfcf8331b31013727a078300000000000000000000000000000000000000000000000000000001bb8bc9fc,2021-09-17 11:21:18+00:00
1,0xaac27030453e7f59227e92702ec7d13ffc9c873b31a3388d3d2369195603879d,16,17,0xa9059cbb0000000000000000000000003442afd6f4918ee43c9704e56506fa3cd976a42f000000000000000000000000000000000000000000000000000000086db02a00,2021-08-29 16:47:25+00:00
1,0x6ac159ae3f5637de1d6a774bcc6ad855eae53802a2f63fd97ea686bbc0baf7ab,18,19,0xa9059cbb00000000000000000000000065eb32c73b0af70b8ecc9462fd3516790e4e567c0000000000000000000000000000000000000000000000000000001ec2c84131,2021-09-24 15:41:51+00:00
1,0x503cf61a6f08098fdebdbdbccb96b5bf8f780e56b08b776e22bfdeb633b8a5b9,20,21,0xa9059cbb00000000000000000000000028c6c06298d514db089934071355e5743bf21d600000000000000000000000000000000000000000000000000000002e8f7057c0,2021-09-29 19:33:01+00:00
22,0x8289fb48d1ead328a0ec100f0556d34bc017c6f9f1e23a5f0688f46a31e9c543,23,24,0xa9059cbb00000000000000000000000045cfaafed63623fe8fdd6b51f50885ea3b96ca7f0000000000000000000000000000000000000000000000005cbd4505080e6c00,2019-07-16 06:04:27+00:00
22,0xd69547604a00c333fe4d11203698b061ce45c65972d4e2a477ef88bf1516c682,25,26,0xa9059cbb000000000000000000000000606bb45bbdccb3243d0686bbc0646e656515bfac00000000000000000000000000000000000000000000000070e3d0f90a54a000,2019-07-16 13:10:13+00:00
22,0xfe2560ac5ef400d1dc59a7dd2ea778aba59284e96e70f834401c7ac917e4526a,27,28,0xa9059cbb000000000000000000000000c369e25d1ce90520d0f8af86fd73b9971f6ccc6e000000000000000000000000000000000000000000000000088faffbcdf3b400,2019-07-16 15:28:53+00:00
22,0x8947ff127e83cb0ff10e3714ab4b85de8648e36652c032a1d3358b48f55c2155,29,30,0xa9059cbb0000000000000000000000006b2a635768c344009799304ec389dc193b8c50390000000000000000000000000000000000000000000000000323dee256ddac00,2019-07-25 12:09:52+00:00
22,0x6600e2f02e721e52b07482f70c6010d87ecc780834bca09d12e0d5a00345f385,31,32,0xa9059cbb0000000000000000000000000dc83356d540a95e9fa79272063b527dee9e88f6000000000000000000000000000000000000000000000001c20a3dc698241c00,2019-07-24 16:12:44+00:00
22,0x323e34c26f194835f85a5d13178e899abddc0d721ebb2078f2e0a84bb3e23942,33,34,0xa9059cbb00000000000000000000000009e528c5b2b8b57307fb4a7e2d7900a0167d5b7d0000000000000000000000000000000000000000000000000515b7ec3f233400,2019-06-04 20:00:24+00:00
22,0xf872915cc9dd575114c6e0f32e4e1f1b06b4643d97bbf7a079c0ea3b56227195,35,36,0xa9059cbb000000000000000000000000e061d4b2fa3f7e6ab5cedc2c686dc007e7fd027e0000000000000000000000000000000000000000000000069f7f7f6571562400,2019-08-03 03:34:57+00:00
22,0x33ac93b174b67ceba319e5ccb4e28dde4f881eb8a25b3f14f2e6cded0afa3335,37,38,0xa9059cbb0000000000000000000000004300c6dec2337bab25f910969c1548750e692f0c00000000000000000000000000000000000000000000000006a077f892d06c00,2019-08-03 04:58:34+00:00
22,0xf5512bed1a7762ed4d17d57f67abdc03268e89e59ac37fee7e67f46a7041c389,39,40,0xa9059cbb000000000000000000000000da2245ae2589b898912e00232b8cf3e8649fef120000000000000000000000000000000000000000000000000cef4223ef983400,2019-08-03 02:11:02+00:00
22,0xca5732fda5616d433cf2370f8a18ad65a175acc2a818d8728dee2d04067f4e75,41,42,0xa9059cbb000000000000000000000000ba33b9397baadebb18732a11094838f61708b1ee00000000000000000000000000000000000000000000000029a2241af62c0000,2019-04-27 16:36:19+00:00
43,0xd0e24beb9626f2b4cec5c69cae688a225c54d2087e5fa53c67f4af346c86a2cf,44,45,0xa9059cbb0000000000000000000000004f6742badb049791cd9a37ea913f2bac38d01279000000000000000000000000000000000000000000000001e8852598a8499000,2021-08-16 14:14:08+00:00
43,0xe302d17ee009c40a1ec8567414279ea721bd138cde8c7157b4b97b15235212c0,46,47,0xa9059cbb0000000000000000000000009f2446e101724d7e85158ce97f6e9210cde8a2be0000000000000000000000000000000000000000000000833df52f0e4b660000,2021-10-06 07:32:30+00:00
43,0x7a5f342ed99490fc69174f63950627505f5eeacfc1986411b00b6a92a9f665fe,48,49,0xa9059cbb0000000000000000000000008f06611c9f81fd1649421293bf6638a5f6c4c6450000000000000000000000000000000000000000000000058525ba7dfc7a0000,2021-09-22 21:08:32+00:00
43,0x253a882e51f1758eb14006731b6d2e691b5ac7af170d3917efdf9966934506b7,48,50,0xa9059cbb000000000000000000000000589ada7514e2f4fbdcbb1e4ead04092aea05063800000000000000000000000000000000000000000000010eff9dc9f370c00000,2021-08-16 12:06:47+00:00
43,0x22e3595fab02d760c0be0550ee3658a1a2f7a94736dcc7478343fc60fa193ea2,51,52,0xa9059cbb0000000000000000000000000b833d1cafb4ec6a4652e777e3f6af02c04a892c00000000000000000000000000000000000000000000000d420ccfef08d12400,2020-05-29 15:19:30+00:00
43,0x2788ab0856d7928760ab60a7dcd889d73a28c5e9ca2063e3ae1a621391b54062,53,54,0xa9059cbb000000000000000000000000ba95a4ae1bf7190903be21333eab9a89244d0c5500000000000000000000000000000000000000000000001afd006171ee38ac00,2020-02-09 08:34:10+00:00
43,0xdc72f679a9e14ccc9dd9366ca477aad529807518e25b68420af43abc12886a8d,51,55,0xa9059cbb0000000000000000000000002e98c8d89ecfa0b350f422b596ff145225dc7aaf00000000000000000000000000000000000000000000000bea1118d689e77000,2020-02-02 14:53:37+00:00
43,0xcbfa5896fa2ba2e386192864f10e4c69869fa8a2f4439aa16783aecb1a2b5686,56,57,0xa9059cbb0000000000000000000000003f5ce5fbfe3e9af3971dd833d26ba9b5c936f0be0000000000000000000000000000000000000000000000352ff4a13c0d548000,2020-07-20 09:33:23+00:00
43,0x8146dcd8612b7b6337e07d37fead352e8ee07ab691d20a09235b1981c47b324d,58,59,0xa9059cbb000000000000000000000000477febe0e383bd43f7ed001d4d59e9e9885c10ce000000000000000000000000000000000000000000000000c062c7aa82274464,2020-10-15 16:00:45+00:00
43,0x8ff7a3ead575034ca79645f8edb9ad50acfa87241717166ea2b6c035719024a9,60,61,0xa9059cbb000000000000000000000000ebaf807faf1791a11c680a1d7f3316d86d17e4c6000000000000000000000000000000000000000000000000208c36aa105c2400,2020-06-25 13:37:38+00:00
62,0x2963e4ca6ed0c3f292259ac1e9d3276b32e7f0ba6f518ccfb6b466b964898f57,63,64,0xa9059cbb0000000000000000000000001151314c646ce4e0efd76d1af4760ae66a9fe30f000000000000000000000000000000000000000000000001b7729bc5e1bfe3e1,2017-07-26 21:11:48+00:00
62,0x03708e937780cb94ef9c166e1eb3c643ceb5a3260df4d0bdd95ca0fd2fa32f17,65,66,0xa9059cbb000000000000000000000000748255d541e5edf152297df56d7379c79392872d0000000000000000000000000000000000000000000000008ac7230489e80000,2017-09-07 16:08:15+00:00
62,0x2b02f5458922e62c548267a356f454750eb3f7538478b02d01d32ce0e3eea101,67,68,0xa9059cbb000000000000000000000000c73c6ec1bf6ce0475a62faf35f5cea2c5b758166000000000000000000000000000000000000000000000000b469471f80140000,2017-07-13 19:05:00+00:00
62,0x2888b3989aaf5d791c40eb7167d8cb73a0b508bce8b2c31b55e687fe5fc7f96c,69,70,0xa9059cbb0000000000000000000000005e575279bf9f4acf0a130c186861454247394c0600000000000000000000000000000000000000000000000d3592a2fdd9e20000,2017-09-13 00:48:40+00:00
62,0xf41f228e9ae4368d814de28f0c937ce1edf1971c321b0abf1861398643616a4c,71,72,0xa9059cbb000000000000000000000000a074fceff0299be8703481bb552ef01b6076b57a0000000000000000000000000000000000000000000000039aa0b03274effc00,2017-09-14 05:38:54+00:00
62,0x8d28caf6183cfbbe9c24cf260ad53c712b3afaa6f3f7923393b0628a9468591d,73,74,0xa9059cbb000000000000000000000000914555b2f793638c0f42b1a16df74037d1938ee600000000000000000000000000000000000000000000029918b14fb8da9a4000,2017-09-09 07:33:19+00:00
62,0x99ecab1fe6316e83f9f355aef6365404d60108b59cac919b049451acc41c5acc,75,64,0xa9059cbb0000000000000000000000001151314c646ce4e0efd76d1af4760ae66a9fe30f000000000000000000000000000000000000000000000009e76c4897b2420000,2017-07-21 12:15:22+00:00
62,0x97ce09c65ca8b18751e89d699ded88d1905823df43abbd3ee863bce5b97add13,76,77,0xa9059cbb00000000000000000000000096f2b191cba1ba1a5c64dc36f5a05f8eeb480a58000000000000000000000000000000000000000000000005aeff8a6122476000,2017-07-24 09:22:55+00:00
62,0x576871542714602e4c9fc75b2e083d9f3fb1d816e59902c2ae832440489f0b09,78,79,0xa9059cbb000000000000000000000000d8026cffc04f312280923ad0ca93a270dffebca400000000000000000000000000000000000000000000000512c44328fdb50000,2018-03-28 16:50:26+00:00
62,0xdf3a90c941b24cec588beef4c7fd5973eec6a5455455f3fdc0c5ecadb7ca1347,76,80,0xa9059cbb000000000000000000000000462ffe4db8b9cf9f11a793752446b24d31715fb100000000000000000000000000000000000000000000001158e460913d000000,2017-08-24 14:24:15+00:00
81,0x2c32c9bad5cb6ebbe7753f737144b5bfcf568746e9ec568a8d338041943bc371,82,21,0xa9059cbb00000000000000000000000028c6c06298d514db089934071355e5743bf21d600000000000000000000000000000000000000000000007d03e9d52047b480000,2021-09-14 10:30:24+00:00
81,0x12938bcc51796c14a824ec6cd30248e5c752ad21b2adf804ddbc09ae4dd6b547,83,84,0xa9059cbb000000000000000000000000e78c9a5650dda2752d180136a9ddd53d79fa3047000000000000000000000000000000000000000000000056b93e87e924481000,2020-05-11 02:18:59+00:00
81,0x28141c7f839749990b57b9ba86b98fd5f24ef9a7f3f34abd39a14f8f55357bce,85,86,0xa9059cbb0000000000000000000000009bc2f223026c252c8ef5f7f33f00f4bee21434b8000000000000000000000000000000000000000000000001d6b69b1ec2621000,2020-05-09 07:18:30+00:00
81,0xc6c3a467f67e0d540ae776457271a3d015c0a6435232dc4a93a217d3da385278,87,88,0xa9059cbb0000000000000000000000004669d0d553178053cda544a0c73e7826b471711400000000000000000000000000000000000000000000000596da47d528eb8000,2020-05-08 03:41:41+00:00
81,0x49fb0bc702a9766117ec520542ae8ac597014fe684c3fcfefd40cfb1911bf2ea,89,90,0xa9059cbb0000000000000000000000003a5e5946e484b4f0ea220e3c0a0dfc8932346409000000000000000000000000000000000000000000000014ed39b10c02f82000,2020-06-09 10:54:47+00:00
81,0x139f1c5a0f0785b0e605c823cd7f0a8eca7ff626fe863833e5ea7d18e6445b48,91,92,0xa9059cbb000000000000000000000000d51423488f5d2b1f4713d5b3cd75b3de93033c4000000000000000000000000000000000000000000000000168d28e3f00280000,2017-11-01 21:28:15+00:00
81,0xd65433d4d17c12f19dbc2cd0ea1428bd8aa36272c29ee43b51b87c8df6624578,93,94,0xa9059cbb0000000000000000000000007632a7d8685f6455a0cf16829eb2855bcd08f62d000000000000000000000000000000000000000000000008e2ffd7dbb8591800,2017-11-13 11:39:11+00:00
81,0xc759f5df871a2734c6c7e14068628e045f2ee51d419ee799f288f60e6453a7ec,95,96,0xa9059cbb000000000000000000000000a629846246ae3ac7df53bae22e15d57deb07a887000000000000000000000000000000000000000000000002d9ab8d4dcf7c1000,2019-03-14 01:01:51+00:00
81,0x984ca8a89e2750c2c5a3e2b2b1c9ce03ad8b5216cac8637b0459d601c7ee4dd7,87,97,0xa9059cbb00000000000000000000000075ee6e66b265e7d73361f80df6dbe655eb39c2af000000000000000000000000000000000000000000000002b1b9dead98ea0000,2019-11-24 13:41:48+00:00
81,0xc4e20d2a45494bc86ccff139c0d2880a7e2c2c9a3fd37c473d971ad2b681c05a,98,99,0xa9059cbb000000000000000000000000885ecc9c31320993e0fe6148cd90f5159db19d3600000000000000000000000000000000000000000000000ad78ebc5ac6200000,2019-04-11 16:20:07+00:00
100,0x69f4ce20e4f9421a77e9f56b37aac7e13e6f8048fa6ae25e3eae9947bfe4db7c,101,102,0xa9059cbb00000000000000000000000023735750a6ed0119e778d9bb969137df8cc8c3d10000000000000000000000000000000000000000000000a2dda5506783378000,2021-09-12 13:26:04+00:00
100,0xb1d1a3be8a8fa7121345cbc6bbaba0dbb725d073ef1c24817eb7c44edbd2a7e4,46,103,0xa9059cbb0000000000000000000000003741f1e0eb8a643a2aea206e255c32984d44ec3500000000000000000000000000000000000000000000012493cefef04cbe0000,2021-09-12 02:20:30+00:00
100,0xa6132fb7024a43eb2ec19838b319ef62cff19c6f66075ad0c962700126031d24,104,105,0xa9059cbb000000000000000000000000057c62404e3182ed9989a33a52f89b6ccf88b5330000000000000000000000000000000000000000000000362ed9526c0aee0000,2017-07-08 12:16:34+00:00
100,0x023dc14968f0a3c3ae1f2283f9754386ddf3598bce2cdef23f6a31412ae02093,53,106,0xa9059cbb000000000000000000000000ce9450f366bb61874f90484d05f30cc44c1d72dd00000000000000000000000000000000000000000000070ac1d563756f3c0000,2017-07-20 10:27:11+00:00
100,0x68449109c3576bc3e48ec2247eb8ab5d8c7bfcc9f242ddc00c0be435ffd05de8,107,70,0xa9059cbb0000000000000000000000005e575279bf9f4acf0a130c186861454247394c0600000000000000000000000000000000000000000000000456ab7ddf09048000,2017-10-03 10:20:59+00:00
100,0x9ffc0a575e8d644f7d7bf727b5f39617fa36dd52cf18392a513845667cdfbd8b,108,109,0xa9059cbb0000000000000000000000001071e2493fb8298d02a13efdf6ffc521743d88f900000000000000000000000000000000000000000000004ffe24331b41260000,2021-09-29 23:10:11+00:00
100,0x3f0dfdfd52606d2c501fd5796048bfeed6a56a0a78947f9af5ed785309a360cd,53,110,0xa9059cbb000000000000000000000000066d761031f2c898b32ab556f2c3b1459e087423000000000000000000000000000000000000000000000001b85c1d9be84a6c00,2017-08-19 23:30:34+00:00
100,0xb028f7d42d584e35cf05d11766c9c3605c6d71664c5809c64d6473a7da81339a,111,57,0xa9059cbb0000000000000000000000003f5ce5fbfe3e9af3971dd833d26ba9b5c936f0be0000000000000000000000000000000000000000000001730e0630a57f658000,2020-05-21 07:33:22+00:00
100,0xfad714fed7b5db9f8cc17a2535d6f4cbd2563426943441b4312283f384fd4ce3,112,113,0xa9059cbb000000000000000000000000600f3fcf5c1e571927756289d82589afa3001926000000000000000000000000000000000000000000000001598e9212fb3a0000,2017-08-27 13:44:22+00:00
100,0x9de8f5e3bb3b35ec172a64d2e3f302abeb7fb6b27744ea98a53c8e7af5f523b0,114,115,0xa9059cbb000000000000000000000000d1945d4d05c875d134f422efcffa9dfeee388a19000000000000000000000000000000000000000000000000136dcc951d8c0000,2017-09-13 06:33:22+00:00
116,0xbe655ce523cb6bde868c2bbfd4f3fa857def9a6aed1938ee3e2fcb7b64776934,117,118,0xa9059cbb000000000000000000000000a2c70658aaba902845d32ea43828459deab728c300000000000000000000000000000000000000000000006c6b935b8bbd400000,2019-02-19 12:22:51+00:00
116,0x83780454be83e02d30f009de68bd17fc1bc1eda682af4cf0e34bd30cc072ba05,119,120,0xa9059cbb000000000000000000000000bb7346d4fd46c918756e244c4707c71badfd9619000000000000000000000000000000000000000000000018f578e7a4ad990000,2019-12-27 05:06:42+00:00
116,0xefc92f50b59b2da54183fc12f6753ef888425f334a8dab6bd3688f1e10d7fe8d,121,122,0xa9059cbb000000000000000000000000f8dc05e0d916c8b8d7104466fda9bd7e8b7cfc75000000000000000000000000000000000000000000000000e4fbc69449f20000,2018-10-19 14:49:54+00:00
116,0x4f216e57485df169439b4bc005342c2939c870a024ed99baa44327c08aec8c84,123,124,0xa9059cbb000000000000000000000000db8121ccb3b06c36bbc83f994cab23368d9d38a0000000000000000000000000000000000000000000000028a857425466f80000,2019-04-07 12:13:45+00:00
116,0x8b4388d5bbfe216bc639ff6d2ff169d91a88e6547d20545838db3aaf9dbe4524,125,126,0xa9059cbb000000000000000000000000c2a9457d9135c9563d1fec5a777742207fe6be99000000000000000000000000000000000000000000000007b340c9aed4f8a000,2018-10-13 06:47:38+00:00
116,0x262038e966d26062f97810e7a14ed83979b772bd4b35f4b7342c00854fb43b40,127,128,0xa9059cbb0000000000000000000000006ca4b47442d9de98ad6095d84edabb2e418185e20000000000000000000000000000000000000000000001a6d6beb1d42ee00000,2018-12-18 13:28:18+00:00
116,0xe803b38c7e466abcbf9b2bb960ced11b399570d4ebdbe71ac14a86012089bdbe,129,130,0xa9059cbb000000000000000000000000248be9d5d55aec0eda3e8cbc7ed02481f7aef2cf000000000000000000000000000000000000000000000037bf87d5ecc3d49400,2019-06-29 15:41:23+00:00
116,0x26fae4785187554169f0637e4508dce161453714f64e7c656bd5e820bb830e28,131,130,0xa9059cbb000000000000000000000000248be9d5d55aec0eda3e8cbc7ed02481f7aef2cf0000000000000000000000000000000000000000000000e795e8d5f954c00000,2019-01-17 03:46:08+00:00
116,0x0c505d2367b2013472bb6f905650cff88fba423152e9ceff5317e7afa531606f,132,133,0xa9059cbb000000000000000000000000701374f090d8687876944ea6a840d14c3deacfb90000000000000000000000000000000000000000000000120d4da7b0bd140000,2018-10-29 02:25:36+00:00
116,0x8365dbc1a81adc70ad03deb39b5982b47e27f59cb11b7e945d07ed72ecef9123,134,135,0xa9059cbb0000000000000000000000003a20d8a24cff190d4fbce0309b0b848f8df51a5600000000000000000000000000000000000000000000008289e12bce3dee0000,2018-12-22 03:09:45+00:00
136,0xced5e7f0f39fe37d91c149aec90f3f550fa6abc6b5ff8306c13f191e0b6fe7cd,137,138,0xa9059cbb000000000000000000000000b52702154218e87a330c72101b2570d6c7b3e12600000000000000000000000000000000000000000000000000000000000101fe,2017-09-27 03:02:08+00:00
136,0x1369b5ef2f43eabe702d0b98a9f011ab6e7d9ff771a51045a18c9e34eb7ba985,139,140,0xa9059cbb0000000000000000000000000fdba6781c696a44aa6198343f71a43e485529c70000000000000000000000000000000000000000000000000000000000002963,2017-10-20 19:32:44+00:00
136,0x938a92602284609819dbc0b452b49bb903bfe0b893137ef4819beeaf729834b2,141,142,0xa9059cbb000000000000000000000000442ba92e459e0a4ae70afff909f7e5b02372ac61000000000000000000000000000000000000000000000000000000000000280c,2017-10-20 00:07:35+00:00
136,0x041072049944633ea76e8e16531ea7a9047b94340c93926fcb484744a0645a65,143,144,0xa9059cbb0000000000000000000000004f1e0dd7ccf49b4d9a1c6dd40fae32078560c89d0000000000000000000000000000000000000000000000000000000000002f95,2017-10-11 04:49:29+00:00
136,0xfb599b2d5ab7213ac526583ba30c8ab1d8d47e18541174e316290881f3fdd93a,145,146,0xa9059cbb00000000000000000000000029126c640981d0736024ee3814053feb585e0e3d00000000000000000000000000000000000000000000000000000000000004d3,2017-11-06 10:46:14+00:00
136,0xf9c67292145e8a1ba638e222ae26d0d80f5f3b94fb089b1d7557f9148f130f0a,147,148,0xa9059cbb0000000000000000000000001aa4bf70967f83bcdf9d7f8845ab3307dd330f32000000000000000000000000000000000000000000000000000000000001b482,2017-11-06 03:34:24+00:00
136,0xf458cd98acaa058184ba4054e5c59e3970fc0648ef437600828e3e9b3063aed6,149,150,0xa9059cbb0000000000000000000000003da13a2c17be696bc30fffe7e2d244f97550d424000000000000000000000000000000000000000000000000000000000006a8a4,2017-10-07 17:44:59+00:00
136,0x5f1735e2621106d02e443c094ddc2c29feb0e86b58b8886f61087a5f98abab19,151,57,0xa9059cbb0000000000000000000000003f5ce5fbfe3e9af3971dd833d26ba9b5c936f0be0000000000000000000000000000000000000000000000000000005d867ba027,2018-03-27 14:56:15+00:00
136,0x0852d6d39832f51f7f7920ef5b36d9be8b793bf5b6d417781732473f48d910f2,152,153,0xa9059cbb0000000000000000000000009dcf09e58aae00ba0c992ab4469a419b9bdf7c1b00000000000000000000000000000000000000000000000000000006fc23ac00,2018-03-14 09:57:44+00:00
136,0xb376b3d783066abd03e2e73a5360973b1e8df3b3c1998c4e5b0d9fbc7e4a5c77,154,155,0xa9059cbb000000000000000000000000ba214b3185b6b8d357b77aa5a89038bc11f3ffdf0000000000000000000000000000000000000000000000000000000000030144,2017-11-03 23:03:42+00:00
156,0x110124562c13a17dfb1de594fa29d322c615d67154f122045d6217f128b5839d,157,158,0xa9059cbb0000000000000000000000000b59fd44c01043e4a3769926d50b52e4276df0be00000000000000000000000000000000000000000002dc61de30febe99a4c800,2021-09-24 23:51:28+00:00
156,0x9aa326b7a99b4a60e4c2e21cdd33cad9dead1fc9d0f31a98a40eb91c1847206d,159,160,0xa9059cbb0000000000000000000000009acda85870abc5f2a76ad9519cfa000a3b1f6b4a0000000000000000000000000000000000000000000700e9a67daed6decfd979,2021-10-06 13:42:15+00:00
156,0x65be9d7e1fa227033bd01401f0ab1efedff7a3abbdab9a2d2c3ec8dab1735550,161,162,0xa9059cbb00000000000000000000000012b3ac57cbf1b5ccf0beae067213191bdc88929e0000000000000000000000000000000000000000034ccd66e64c09dcdbf6558e,2021-09-29 17:16:18+00:00
156,0x04891b5052fa100f7111543e443dbd30ef3221debcdfb50206e726f1e72d088e,163,164,0xa9059cbb0000000000000000000000000e18fb03ef0599176458220301d8463c3b60b2cb00000000000000000000000000000000000000000001d11ee399b28ea031b000,2021-10-08 00:53:17+00:00
156,0xc1df2ac5153ed34a6695b06f6de35b480380cb39b02592a31d265374b9b0887f,157,165,0xa9059cbb00000000000000000000000025b32d7f14b4ee25938b865b1a49d8b0af81572d000000000000000000000000000000000000000001b4985c5a53015b0bd5b640,2021-10-08 00:32:33+00:00
156,0x0b3b7dd3579af584e6b3735356f1fe62528449e7cd2a1bb4dfe08746c9e0552d,157,166,0xa9059cbb000000000000000000000000221b64e454d29a58b95737b1bc127a42552bc1e7000000000000000000000000000000000000000000131d3b90e75ec8af180000,2021-10-02 03:53:19+00:00
156,0x5704a6f2cea6d5740f83219dac89fa3a3ded2f266a796eff7bcaf28ac8863e7d,167,168,0xa9059cbb00000000000000000000000095a9bd206ae52c4ba8eecfc93d18eacdd41c88cc000000000000000000000000000000000000000000040ba2b8d1f079278c0000,2021-09-27 09:05:49+00:00
156,0x1f7d4ad0e720fa3f1909b74d35eff92af0c436e360fb5f2ef2d5d73901080c58,169,170,0xa9059cbb000000000000000000000000c57d185bc0fe2114c38b7efe2bf9664a490c35940000000000000000000000000000000000000000006e3742a9dc81c19309f9f5,2021-09-10 23:18:07+00:00
156,0x3a59ba969cb288cf00683ab361291991ee272dc009a57d59676aef8f9629d12a,171,172,0xa9059cbb0000000000000000000000006be6cefd5722fe81b355afd01477b51eef9b2bc3000000000000000000000000000000000000000000183f8646f539232652e800,2021-09-26 13:48:59+00:00
156,0xf5b3c9d9bcce6bf7b5612a0548b2495e71e5d30eba2526528d87d20c4e4c6548,157,173,0xa9059cbb000000000000000000000000348a2e3ebc188cfbb39868bfb376f8a8e219972100000000000000000000000000000000000000000001ed1a7d91955befc5a000,2021-09-25 11:30:10+00:00
