#from_address,to_address
39243,1040
39244,39245
39246,30
39247,39248
39249,1040
39250,2611
39251,39252
39253,39254
39255,39256
39257,1040
39258,39259
39260,1040
39261,1040
39262,39263
39264,1040
39265,2611
39266,1040
39267,1040
39268,1040
39269,39270
39271,39272
39273,1040
39274,1040
39275,1040
39276,1040
39277,39278
39253,39279
39280,1040
39281,1040
39282,39283
39284,30
39285,1040
39286,39287
39253,39288
39289,39290
39291,39292
39253,39293
39294,1040
39295,39296
39297,1040
39298,1040
39299,2611
39300,1040
39301,39302
26390,39303
39304,2611
39305,39306
39307,39308
39282,39309
26390,39310
39311,2611
39312,1040
39313,39314
39315,39316
39317,1040
39318,1040
39319,1040
26390,39320
39321,1040
39322,1040
26390,39323
39324,39325
39326,39327
26390,39328
39329,39330
39331,1040
39332,1040
39333,1040
39334,39335
39251,39336
39337,39338
39339,39340
39253,39341
39342,39343
39344,1040
39313,39345
39346,39347
26390,39348
39349,2611
39350,1040
39351,39352
39353,8957
39354,39355
39356,39357
39358,39359
39360,39361
39362,1040
39363,39364
39365,1040
26390,39366
39367,39368
39369,39370
39371,39372
39373,1040
39374,2611
39375,39376
39377,39378
26390,39379
39380,39381
39382,39383
39384,39385
39386,1040
39387,1040
39388,1040
39389,30
39390,39391
39251,39392
26390,39393
39394,1040
39395,39396
39397,2611
39398,39399
39400,1040
39401,39402
39403,1040
39404,1040
39253,39405
39406,2611
39407,1040
39313,39408
39409,1040
39410,1040
26390,39411
39412,39413
39414,39415
39416,1040
39417,39418
39419,2611
39253,39420
39421,39422
39423,1040
39424,39425
39426,1040
39427,39428
39429,39430
39431,1040
39432,1040
26324,1040
39433,39434
26390,39435
39436,1040
39437,39438
39439,39440
39441,39442
39443,39444
39445,1040
39446,39447
39448,1040
39449,1040
39450,30
39451,2611
39452,1040
39453,39454
30332,39455
26390,39456
39457,1040
39358,39458
39459,39460
39461,1040
39462,39463
26390,39464
39465,39466
39467,1040
39468,1040
26390,39469
39470,30
39471,1040
39472,1040
39473,1040
39474,1040
39475,2611
39476,1040
39477,39478
39479,39480
39481,1040
39482,1040
39483,1040
26750,2611
39484,39485
39486,1040
39487,1040
26390,39488
39489,1040
39490,39335
26390,39491
39492,39493
39494,1040
39495,1040
39496,39497
39251,39498
39499,39500
39251,39405
26390,39501
39502,39503
39504,1040
26390,39505
39253,39506
39507,39508
39509,39510
39511,1040
39512,39513
39514,2611
39515,39516
39517,8957
26390,39518
39519,1040
26390,39520
39521,1040
39522,1040
39523,39524
39525,39526
39527,1040
39528,39529
39530,39531
39532,39533
39534,2611
39535,1040
39536,1040
39537,1040
39538,2611
39539,39540
26390,39541
39542,1040
39286,39543
39544,1040
39545,39546
39547,30
39548,1040
39549,2611
39550,39551
39552,1040
26390,39553
39554,1040
39555,1040
39556,39557
39558,39559
26390,39560
39561,1040
39562,30
39313,39563
39564,39565
39566,39567
39568,1040
39569,1040
39570,1040
39251,39293
39571,1040
39572,39573
39574,1040
39313,39575
39576,39577
39578,1040
39579,1040
39580,39581
39582,39583
39584,1040
39585,2611
39586,39587
39588,1040
39589,39590
39591,1040
39592,39593
39594,39595
39596,39597
39598,39599
39600,2611
39601,1040
39602,1040
26390,39603
26390,39604
39605,39606
39607,1040
39608,1040
39313,39609
39610,1040
26390,39611
39612,39613
39614,39615
39616,39617
39618,39619
39620,39621
39251,39622
39623,39624
39625,2611
39626,1040
39627,1040
39628,1040
39629,1040
39630,1040
39631,1040
39632,1040
39633,1040
39634,39635
39636,1040
39637,1040
39638,39639
39640,39641
39642,39643
39644,39645
39646,1040
39647,39648
39649,39650
39651,39652
26390,39653
39654,1040
39655,2611
39384,39656
14476,39657
39658,39659
39313,39660
39661,39662
26390,39663
39664,1040
39665,39666
39667,1040
39668,1040
39669,1040
26390,39670
39671,1040
39672,39673
39674,1040
39675,1040
39676,1040
39677,1040
39678,39679
26390,39680
39681,1040
39682,1040
26390,39683
39282,39684
39685,39686
39687,1040
39688,39689
39690,39691
39692,39693
39694,1040
39695,1040
39696,39697
39698,1040
39699,1040
39251,39341
26390,39700
39701,1040
39702,39703
26390,39704
39705,1040
39706,1040
39707,1040
39708,1040
39286,39709
39710,1040
39711,39712
39282,39713
39714,1040
39715,1040
39716,1040
39313,39717
26390,39718
39358,39719
39720,39721
26390,39722
39723,39724
39725,1040
39726,1040
39727,39728
39358,39729
39730,39731
39732,39733
26390,39734
39735,2611
39736,1040
39737,39738
39739,39740
26390,39741
39742,2611
39743,39744
39745,30
39746,1040
39747,30
39748,2611
39749,1040
26390,39750
39751,1040
39752,1040
39753,1040
39754,39755
39756,39757
39758,39759
39760,2611
26390,39761
39762,1040
39763,39764
937,39765
26390,39766
39767,2611
39768,39383
39769,39770
39771,2611
39772,1040
39773,39774
39775,1040
39776,39777
39778,39779
39780,1040
39781,39782
39783,39784
39785,39786
39251,39787
39788,39789
39790,39791
39792,39335
39793,39794
39795,39796
39797,39798
39799,1040
39800,39801
39802,39803
39804,1040
39805,1040
39806,39807
39808,34055
39809,1040
39810,39811
39812,1040
39813,1040
39814,39815
39324,39816
39817,1040
39818,1040
26390,39819
39820,1040
39821,1040
39822,1040
39823,1040
39824,39335
39825,1040
39826,39827
39828,1040
39829,1040
39830,1040
39831,39832
39253,39833
39834,39835
39836,1040
39837,39838
39839,1040
39840,1040
39841,1040
39842,39843
39844,1040
39845,39846
39847,39848
39849,1040
39850,2611
39851,1040
39852,1040
39853,1040
39313,39854
39855,1040
39856,39857
39858,1040
39859,1040
39860,39861
39862,1040
39863,39864
39865,1040
39866,1040
39867,39868
39869,39870
39871,1040
26390,39872
39873,39874
39640,39875
39876,1040
39877,1040
39878,39879
39358,39880
39881,1040
39882,1040
39883,2611
39884,1040
39885,1040
39886,1040
39887,1040
53,39888
39889,1040
39890,2611
39891,39583
26390,39892
39893,39894
39282,39895
39896,2611
39897,39898
39899,39900
39901,1040
39902,39335
39903,1040
39904,39905
39313,39906
39358,39907
39908,39909
39910,1040
39911,2611
39912,1040
39913,2611
39914,39915
39916,307
39917,39918
39919,39920
39921,39922
39923,39924
39925,39926
39927,39928
30332,30333
39313,39929
39930,39931
39932,39933
39934,39935
39936,39937
39938,39939
26390,39940
39941,2611
39942,1040
39943,1040
39944,1040
39384,39945
39946,39947
39948,2611
39949,30
26390,39950
26390,39951
39952,1040
39953,39954
39955,1040
39956,1040
39957,1040
39958,39740
26390,39959
39960,1040
39961,1040
39962,39963
39964,39965
39966,39967
39968,39969
30332,39279
39970,39971
39972,39973
39974,39975
39976,1040
39977,39978
39979,39980
39981,39982
39640,39341
39983,39984
39985,1040
39986,39987
39988,1040
39989,39990
39991,39992
26390,39993
39994,1040
39995,39996
39997,1040
39998,1040
39999,40000
40001,40002
40003,1040
40004,40005
26390,40006
40007,40008
39313,40009
40010,40011
40012,40013
40014,40015
40016,40017
40018,1040
40019,1040
40020,40021
40022,1040
40023,30
40024,1040
40025,1040
40026,40027
40028,40029
39358,40030
30332,40031
40032,40033
40034,40035
40036,40037
40038,40039
40040,40041
39594,40042
40043,1040
40044,40045
40046,40047
40048,40049
40050,40051
40052,40053
40054,40055
40056,1040
40057,40058
40059,40060
40061,40062
40063,39335
40064,40065
40066,40067
40068,40069
40070,40071
40072,1040
40073,40015
40074,40075
40076,40077
40078,1040
26390,40079
40080,40081
40082,40083
40084,40085
40086,39861
40087,1040
40088,1040
40089,1040
40090,1040
40091,40092
40093,40094
40095,1040
40096,40097
40098,1040
40099,1040
40100,40101
40102,40103
40104,40105
40106,40107
40108,2611
40109,1040
40110,40111
40112,40113
39253,40114
40115,40116
40117,2611
40118,40119
40120,40121
40122,40123
40124,40125
40126,2611
40127,40128
40129,40130
40131,40132
40133,1040
40134,2611
40135,40136
40137,40138
40139,1040
26390,40140
40141,1040
40142,1040
40143,40144
40145,40146
40147,40148
40149,1040
40150,40151
39614,40152
40153,40154
40155,1040
26390,40156
40157,2611
40158,40159
40160,1040
40161,1040
40162,1040
40163,39335
40164,40165
40166,40015
39313,40167
40168,1040
40169,1040
40170,39508
40171,40172
40173,40174
39530,40175
40176,1040
40177,1040
40178,40179
40180,40181
26390,40182
39313,40183
40184,40185
40186,40187
40188,40189
40190,1040
40191,40192
40193,40194
40195,40196
26390,40197
53,40198
40199,30
40200,40201
40202,1040
40203,40204
40205,40206
40207,40208
40209,40210
40211,40212
40213,40214
40215,1040
40216,1040
40217,40218
40219,40220
26390,40221
40222,40223
40224,40225
40226,40227
40228,40229
40230,2611
40231,40232
40233,40234
40235,40236
40237,40238
40239,1040
40240,1040
39313,40241
40242,40243
40244,40245
40246,40247
40248,40249
40250,30
40251,1040
39313,40252
40253,1040
39313,40254
40255,1040
40256,1040
39614,40257
40258,1040
40259,40260
39313,40261
40262,1040
40263,40264
40265,1040
40266,40267
40268,40269
39358,40270
40271,40272
40273,1040
40274,1040
40275,1040
40276,1040
40277,40278
40279,40280
40281,1040
40282,1040
40283,1040
40284,1040
40285,1040
40286,1040
40287,39508
40288,40289
40290,40291
26390,40292
40293,1040
40294,40295
40296,1040
40297,1040
40298,40299
40300,40301
40302,1040
40303,40304
40305,1040
40306,1040
40307,40308
40309,40310
40311,1040
40312,40313
40314,40315
40316,1040
40086,40317
40318,1040
40319,1040
40320,40321
39324,40322
40323,2611
40324,1040
40325,40326
40327,40328
40329,40330
40331,40332
40333,40334
40335,1040
40336,1040
40337,1040
40338,40339
26390,40340
40341,2611
40342,40343
40344,40345
40346,40347
40348,40349
40350,40351
26390,40352
26390,40353
40354,1040
39530,40355
14476,40356
40357,40358
40359,1040
40360,40361
40362,1040
39282,39293
40363,40364
40365,40366
